date,weekend,rain,snowdpth,snow,trips,pmt
2012-01-01,1,0.05,0,0,"	212782",1011660
2012-01-02,0,0,0,0,"	341383",1914804
2012-01-03,0,0,0,0,"	438458",2084644
2012-01-04,0,0,0,0,"	473987",2122041
2012-01-05,0,0,0,0,"	488687",2189748
2012-01-06,0,0,0,0,"	511882",2299542
2012-01-07,1,0,0,0,"	524583",2536854
2012-01-08,1,0,0,0,"	463563",2411816
2012-01-09,0,0,0,0,"	439368",2015567
2012-01-10,0,0,0,0,"	471469",2070277
2012-01-11,0,0.07,0,0,"	493715",2182458
2012-01-12,0,1.38,0,0,"	514148",2283317
2012-01-13,0,0.09,0,0,"	557470",2531272
2012-01-14,1,0,0,0,"	545057",2618037
2012-01-15,1,0,0,0,"	518708",2580676
2012-01-16,0,0.04,0,0,"	418762",2064328
2012-01-17,0,0.19,0,0,"	488425",2174556
2012-01-18,0,0,0,0,"	518452",2289617
2012-01-19,0,0,0,0,"	528313",2364646
2012-01-20,0,0,0,0,"	566619",2523620
2012-01-21,1,0.39,1,4.3,"	522087",2452773
2012-01-22,1,0,3,0,"	468849",2398225
2012-01-23,0,0.37,2,0,"	444752",1997131
2012-01-24,0,0,0,0,"	471701",2061119
2012-01-25,0,0,0,0,"	508498",2231456
2012-01-26,0,0.18,0,0,"	534698",2356357
2012-01-27,0,0.47,0,0,"	549222",2455456
2012-01-28,1,0,0,0,"	554706",2625430
2012-01-29,1,0,0,0,"	467885",2456302
2012-01-30,0,0,0,0,"	453891",2032512
2012-01-31,0,0,0,0,"	476997",2071499
2012-02-01,0,0.03,0,0,"	497863",2182017
2012-02-02,0,0,0,0,"	536346",2377483
2012-02-03,0,0,0,0,"	562768",2506074
2012-02-04,1,0,0,0,"	547815",2570194
2012-02-05,1,0,0,0,"	477174",2471843
2012-02-06,0,0,0,0,"	466666",2154076
2012-02-07,0,0,0,0,"	485974",2093453
2012-02-08,0,0.01,0,0,"	522019",2257268
2012-02-09,0,0,0,0,"	541616",2424002
2012-02-10,0,0,0,0,"	577540",2642280
2012-02-11,1,0.08,0,0,"	589609",2777419
2012-02-12,1,0.01,0,0.2,"	514642",2610483
2012-02-13,0,0,0,0,"	491284",2191583
2012-02-14,0,0.02,0,0,"	531883",2291066
2012-02-15,0,0.01,0,0,"	541026",2453360
2012-02-16,0,0.19,0,0,"	542061",2478127
2012-02-17,0,0.03,0,0,"	544931",2610138
2012-02-18,1,0.02,0,0,"	538830",2671833
2012-02-19,1,0,0,0,"	476508",2471447
2012-02-20,0,0,0,0,"	420026",2198624
2012-02-21,0,0,0,0,"	473859",2199750
2012-02-22,0,0,0,0,"	498686",2256813
2012-02-23,0,0,0,0,"	527637",2458265
2012-02-24,0,0.6,0,0,"	560829",2566150
2012-02-25,1,0,0,0,"	574939",2778179
2012-02-26,1,0,0,0,"	469136",2524492
2012-02-27,0,0,0,0,"	444577",2118984
2012-02-28,0,0,0,0,"	495127",2220638
2012-02-29,0,0.37,0,0,"	532150",2341896
2012-03-01,0,0.13,0,0,"	526559",2418460
2012-03-02,0,0.16,0,0,"	578422",2656339
2012-03-03,1,0.12,0,0,"	557669",2709349
2012-03-04,1,0,0,0,"	485995",2613811
2012-03-05,0,0,0,0,"	482835",2245301
2012-03-06,0,0,0,0,"	515123",2275295
2012-03-07,0,0,0,0,"	526420",2400392
2012-03-08,0,0,0,0,"	547564",2576529
2012-03-09,0,0.02,0,0,"	583989",2746871
2012-03-10,1,0,0,0,"	584033",2847891
2012-03-11,1,0,0,0,"	462052",2530055
2012-03-12,0,0,0,0,"	451512",2181933
2012-03-13,0,0.04,0,0,"	492437",2265704
2012-03-14,0,0,0,0,"	514429",2414444
2012-03-15,0,0,0,0,"	551806",2578975
2012-03-16,0,0.03,0,0,"	563313",2665943
2012-03-17,1,0,0,0,"	559115",2883782
2012-03-18,1,0,0,0,"	459165",2610355
2012-03-19,0,0,0,0,"	436371",2172223
2012-03-20,0,0,0,0,"	476880",2220169
2012-03-21,0,0,0,0,"	507290",2353580
2012-03-22,0,0,0,0,"	530119",2542602
2012-03-23,0,0,0,0,"	560953",2699337
2012-03-24,1,0.01,0,0,"	553807",2749686
2012-03-25,1,0.06,0,0,"	470596",2594785
2012-03-26,0,0,0,0,"	475909",2287909
2012-03-27,0,0,0,0,"	498887",2284010
2012-03-28,0,0.02,0,0,"	511830",2397520
2012-03-29,0,0,0,0,"	536892",2528508
2012-03-30,0,0.11,0,0,"	562970",2690482
2012-03-31,1,0.26,0,0,"	581973",2827975
2012-04-01,1,0.51,0,0,"	496473",2687810
2012-04-02,0,0.04,0,0,"	480469",2283615
2012-04-03,0,0,0,0,"	506070",2330537
2012-04-04,0,0,0,0,"	530029",2467026
2012-04-05,0,0,0,0,"	546036",2604978
2012-04-06,0,0,0,0,"	544558",2651644
2012-04-07,1,0,0,0,"	490369",2445571
2012-04-08,1,0,0,0,"	417649",2354008
2012-04-09,0,0,0,0,"	452039",2245722
2012-04-10,0,0,0,0,"	501356",2350645
2012-04-11,0,0,0,0,"	524150",2421836
2012-04-12,0,0,0,0,"	540816",2553213
2012-04-13,0,0,0,0,"	555592",2671236
2012-04-14,1,0,0,0,"	564375",2861198
2012-04-15,1,0,0,0,"	474317",2672750
2012-04-16,0,0,0,0,"	465719",2311832
2012-04-17,0,0,0,0,"	497401",2309327
2012-04-18,0,0.01,0,0,"	531419",2455987
2012-04-19,0,0.04,0,0,"	541847",2589460
2012-04-20,0,0,0,0,"	560298",2709914
2012-04-21,1,0.22,0,0,"	556334",2785153
2012-04-22,1,2.45,0,0,"	520997",2700034
2012-04-23,0,0.22,0,0,"	491283",2333102
2012-04-24,0,0,0,0,"	518015",2380353
2012-04-25,0,0,0,0,"	530067",2483077
2012-04-26,0,0.03,0,0,"	542983",2586095
2012-04-27,0,0.04,0,0,"	563439",2724902
2012-04-28,1,0,0,0,"	565317",2813242
2012-04-29,1,0,0,0,"	487665",2711659
2012-04-30,0,0,0,0,"	480828",2337294
2012-05-01,0,0.62,0,0,"	497454",2312850
2012-05-02,0,0.08,0,0,"	528684",2435912
2012-05-03,0,0.47,0,0,"	541753",2591164
2012-05-04,0,0.1,0,0,"	559049",2744228
2012-05-05,1,0,0,0,"	574848",2886465
2012-05-06,1,0,0,0,"	484619",2735263
2012-05-07,0,0.01,0,0,"	487444",2385361
2012-05-08,0,0.04,0,0,"	515754",2371126
2012-05-09,0,0.33,0,0,"	533648",2488192
2012-05-10,0,0.19,0,0,"	540397",2613993
2012-05-11,0,0,0,0,"	550499",2718384
2012-05-12,1,0,0,0,"	546882",2795244
2012-05-13,1,0,0,0,"	465843",2651743
2012-05-14,0,0,0,0,"	471847",2345669
2012-05-15,0,0.54,0,0,"	506310",2387993
2012-05-16,0,0.09,0,0,"	526910",2571612
2012-05-17,0,0,0,0,"	536736",2691649
2012-05-18,0,0,0,0,"	551151",2780472
2012-05-19,1,0,0,0,"	527801",2774127
2012-05-20,1,0,0,0,"	473153",2721695
2012-05-21,0,1.4,0,0,"	483365",2347773
2012-05-22,0,0.23,0,0,"	503923",2376001
2012-05-23,0,0.03,0,0,"	516313",2463109
2012-05-24,0,0.95,0,0,"	507996",2461111
2012-05-25,0,0,0,0,"	497131",2490716
2012-05-26,1,0.02,0,0,"	436846",2336148
2012-05-27,1,0.06,0,0,"	378333",2106057
2012-05-28,0,0,0,0,"	342774",2066385
2012-05-29,0,0.21,0,0,"	471925",2264520
2012-05-30,0,0.01,0,0,"	496986",2370578
2012-05-31,0,0,0,0,"	511142",2451914
2012-06-01,0,0.25,0,0,"	548802",2663572
2012-06-02,1,0.39,0,0,"	513100",2603841
2012-06-03,1,0.01,0,0,"	452251",2565550
2012-06-04,0,0.18,0,0,"	477167",2309504
2012-06-05,0,0.01,0,0,"	511597",2403268
2012-06-06,0,0.01,0,0,"	523262",2476014
2012-06-07,0,0.01,0,0,"	538011",2629014
2012-06-08,0,0,0,0,"	545823",2692423
2012-06-09,1,0,0,0,"	523509",2682330
2012-06-10,1,0,0,0,"	441048",2575433
2012-06-11,0,0,0,0,"	469554",2338239
2012-06-12,0,1.02,0,0,"	508298",2321331
2012-06-13,0,0.32,0,0,"	521020",2449396
2012-06-14,0,0,0,0,"	528607",2567204
2012-06-15,0,0,0,0,"	537601",2676088
2012-06-16,1,0,0,0,"	507227",2633951
2012-06-17,1,0,0,0,"	436561",2540145
2012-06-18,0,0,0,0,"	454274",2276215
2012-06-19,0,0,0,0,"	496825",2360587
2012-06-20,0,0,0,0,"	531734",2495785
2012-06-21,0,0,0,0,"	550982",2628787
2012-06-22,0,0.35,0,0,"	546016",2631182
2012-06-23,1,0,0,0,"	508957",2709681
2012-06-24,1,0.06,0,0,"	444539",2573572
2012-06-25,0,0.15,0,0,"	456040",2260938
2012-06-26,0,0,0,0,"	485211",2371734
2012-06-27,0,0,0,0,"	507550",2432210
2012-06-28,0,0,0,0,"	517787",2523510
2012-06-29,0,0.21,0,0,"	532261",2621725
2012-06-30,1,0,0,0,"	480846",2517966
2012-07-01,1,0,0,0,"	424112",2384112
2012-07-02,0,0,0,0,"	409243",1987014
2012-07-03,0,0,0,0,"	449319",2095467
2012-07-04,0,0.06,0,0,"	379565",2022914
2012-07-05,0,0,0,0,"	420664",2033827
2012-07-06,0,0,0,0,"	437348",2106850
2012-07-07,1,0.5,0,0,"	423072",2222976
2012-07-08,1,0.09,0,0,"	392852",2301183
2012-07-09,0,0,0,0,"	431480",2181194
2012-07-10,0,0,0,0,"	475189",2250997
2012-07-11,0,0,0,0,"	506013",2399097
2012-07-12,0,0,0,0,"	515258",2508773
2012-07-13,0,0,0,0,"	528210",2578751
2012-07-14,1,0,0,0,"	484527",2527241
2012-07-15,1,0.26,0,0,"	446608",2485557
2012-07-16,0,0,0,0,"	455194",2312065
2012-07-17,0,0,0,0,"	502991",2364516
2012-07-18,0,1.76,0,0,"	492858",2269049
2012-07-19,0,0.02,0,0,"	510436",2533286
2012-07-20,0,0.58,0,0,"	514343",2520144
2012-07-21,1,0,0,0,"	470690",2468322
2012-07-22,1,0,0,0,"	425023",2459652
2012-07-23,0,0.15,0,0,"	456709",2248734
2012-07-24,0,0,0,0,"	494027",2322352
2012-07-25,0,0,0,0,"	499743",2405929
2012-07-26,0,0.6,0,0,"	514587",2445089
2012-07-27,0,0,0,0,"	514025",2615843
2012-07-28,1,0.18,0,0,"	482502",2514233
2012-07-29,1,0.01,0,0,"	418627",2386175
2012-07-30,0,0,0,0,"	436752",2204927
2012-07-31,0,0,0,0,"	467334",2238960
2012-08-01,0,0.64,0,0,"	473879",2236600
2012-08-02,0,0,0,0,"	511700",2495344
2012-08-03,0,0,0,0,"	522304",2585180
2012-08-04,1,0,0,0,"	482992",2513184
2012-08-05,1,0.22,0,0,"	434836",2423054
2012-08-06,0,0.01,0,0,"	438462",2270939
2012-08-07,0,0,0,0,"	467911",2242209
2012-08-08,0,0,0,0,"	491155",2347306
2012-08-09,0,0,0,0,"	512103",2451036
2012-08-10,0,0.24,0,0,"	512629",2579660
2012-08-11,1,0,0,0,"	463899",2489466
2012-08-12,1,0,0,0,"	403362",2372376
2012-08-13,0,0,0,0,"	417636",2135897
2012-08-14,0,0.01,0,0,"	462678",2240565
2012-08-15,0,0.57,0,0,"	477867",2297561
2012-08-16,0,0,0,0,"	497924",2499169
2012-08-17,0,0.15,0,0,"	507548",2566276
2012-08-18,1,0.32,0,0,"	463511",2489759
2012-08-19,1,0,0,0,"	388379",2294279
2012-08-20,0,0,0,0,"	412445",2158949
2012-08-21,0,0,0,0,"	452692",2204022
2012-08-22,0,0,0,0,"	470301",2308244
2012-08-23,0,0,0,0,"	491305",2467634
2012-08-24,0,0,0,0,"	487593",2518217
2012-08-25,1,0,0,0,"	456603",2500105
2012-08-26,1,0,0,0,"	402829",2408482
2012-08-27,0,0.61,0,0,"	409873",2124196
2012-08-28,0,0.14,0,0,"	452675",2212897
2012-08-29,0,0,0,0,"	460014",2295809
2012-08-30,0,0,0,0,"	475769",2454934
2012-08-31,0,0,0,0,"	478865",2591012
2012-09-01,1,0,0,0,"	441713",2495600
2012-09-02,1,0,0,0,"	388703",2274096
2012-09-03,0,0,0,0,"	347615",2233713
2012-09-04,0,0.13,0,0,"	456512",2340573
2012-09-05,0,0.07,0,0,"	501150",2460115
2012-09-06,0,0,0,0,"	529502",2623815
2012-09-07,0,0,0,0,"	566503",2824574
2012-09-08,1,0.39,0,0,"	558611",2851855
2012-09-09,1,0,0,0,"	485531",2780697
2012-09-10,0,0,0,0,"	468765",2352046
2012-09-11,0,0,0,0,"	491633",2280477
2012-09-12,0,0,0,0,"	505646",2445761
2012-09-13,0,0,0,0,"	526471",2592884
2012-09-14,0,0,0,0,"	541363",2725964
2012-09-15,1,0.01,0,0,"	530859",2733864
2012-09-16,1,0,0,0,"	452545",2566029
2012-09-17,0,0,0,0,"	399463",2042479
2012-09-18,0,1.54,0,0,"	457179",2134213
2012-09-19,0,0,0,0,"	504879",2479935
2012-09-20,0,0,0,0,"	527113",2591372
2012-09-21,0,0,0,0,"	533328",2713972
2012-09-22,1,0.22,0,0,"	544721",2772962
2012-09-23,1,0,0,0,"	461109",2640435
2012-09-24,0,0,0,0,"	420333",2090240
2012-09-25,0,0,0,0,"	435286",2024718
2012-09-26,0,0.01,0,0,"	440115",2099445
2012-09-27,0,0.06,0,0,"	492045",2406997
2012-09-28,0,1.96,0,0,"	518680",2573484
2012-09-29,1,0,0,0,"	547796",2810319
2012-09-30,1,0,0,0,"	471676",2695858
2012-10-01,0,0,0,0,"	440313",2218808
2012-10-02,0,0.38,0,0,"	483812",2219137
2012-10-03,0,0,0,0,"	499493",2364596
2012-10-04,0,0,0,0,"	526930",2593483
2012-10-05,0,0,0,0,"	536824",2730384
2012-10-06,1,0,0,0,"	545954",2799267
2012-10-07,1,0.19,0,0,"	475409",2636747
2012-10-08,0,0,0,0,"	404473",2152218
2012-10-09,0,0.03,0,0,"	479261",2274860
2012-10-10,0,0.25,0,0,"	500107",2374902
2012-10-11,0,0,0,0,"	521018",2568539
2012-10-12,0,0,0,0,"	556519",2753120
2012-10-13,1,0,0,0,"	547776",2768323
2012-10-14,1,0,0,0,"	462850",2654839
2012-10-15,0,0.2,0,0,"	454171",2293259
2012-10-16,0,0,0,0,"	490846",2340542
2012-10-17,0,0,0,0,"	504137",2426835
2012-10-18,0,0,0,0,"	517803",2564221
2012-10-19,0,0.89,0,0,"	547098",2719771
2012-10-20,1,0,0,0,"	535041",2757593
2012-10-21,1,0,0,0,"	472616",2726443
2012-10-22,0,0,0,0,"	447455",2262293
2012-10-23,0,0.03,0,0,"	490505",2314539
2012-10-24,0,0,0,0,"	508006",2386736
2012-10-25,0,0,0,0,"	522739",2587712
2012-10-26,0,0,0,0,"	499439",2543157
2012-10-27,1,0,0,0,"	536484",2787744
2012-10-28,1,0,0,0,"	430478",2559085
2012-10-29,0,0.67,0,0,"	113808",519734
2012-10-30,0,0.27,0,0,"	181706",892622
2012-10-31,0,0.01,0,0,"	289239",1596591
2012-11-01,0,0,0,0,"	335121",1898840
2012-11-02,0,0,0,0,"	321534",1768415
2012-11-03,1,0,0,0,"	439274",2193066
2012-11-04,1,0,0,0,"	434019",2274416
2012-11-05,0,0,0,0,"	420929",1998667
2012-11-06,0,0,0,0,"	450531",2021236
2012-11-07,0,1.12,0,4.3,"	443551",1883872
2012-11-08,0,0.06,4,0.4,"	486267",2325687
2012-11-09,0,0,0,0,"	530408",2579486
2012-11-10,1,0,0,0,"	553368",2700925
2012-11-11,1,0,0,0,"	473452",2601632
2012-11-12,0,0,0,0,"	427400",2118621
2012-11-13,0,0.09,0,0,"	488583",2266995
2012-11-14,0,0,0,0,"	491671",2319688
2012-11-15,0,0,0,0,"	515282",2459507
2012-11-16,0,0,0,0,"	537113",2630068
2012-11-17,1,0,0,0,"	547382",2728622
2012-11-18,1,0,0,0,"	466313",2550402
2012-11-19,0,0,0,0,"	450664",2105220
2012-11-20,0,0,0,0,"	471367",2255439
2012-11-21,0,0,0,0,"	467989",2329071
2012-11-22,0,0,0,0,"	328991",1895165
2012-11-23,0,0.01,0,0,"	369154",1776922
2012-11-24,1,0,0,0,"	441814",2306938
2012-11-25,1,0,0,0,"	413434",2416008
2012-11-26,0,0,0,0,"	436770",2253978
2012-11-27,0,0.53,0,0,"	477516",2180678
2012-11-28,0,0,0,0,"	495402",2293245
2012-11-29,0,0,0,0,"	519636",2447835
2012-11-30,0,0,0,0,"	541088",2607913
2012-12-01,1,0,0,0,"	569805",2766169
2012-12-02,1,0.04,0,0,"	484310",2656293
2012-12-03,0,0,0,0,"	453814",2210250
2012-12-04,0,0.07,0,0,"	485435",2258685
2012-12-05,0,0,0,0,"	513343",2413726
2012-12-06,0,0,0,0,"	519812",2531642
2012-12-07,0,0.14,0,0,"	530731",2605591
2012-12-08,1,0.36,0,0,"	548773",2716623
2012-12-09,1,0.18,0,0,"	487840",2669455
2012-12-10,0,0.03,0,0,"	450641",2222657
2012-12-11,0,0.06,0,0,"	495097",2307323
2012-12-12,0,0,0,0,"	516441",2440515
2012-12-13,0,0,0,0,"	538635",2622022
2012-12-14,0,0,0,0,"	565711",2784261
2012-12-15,1,0,0,0,"	555458",2785216
2012-12-16,1,0.4,0,0,"	485255",2616437
2012-12-17,0,0.29,0,0,"	476358",2246927
2012-12-18,0,0.51,0,0,"	501673",2358747
2012-12-19,0,0,0,0,"	520226",2454058
2012-12-20,0,0.02,0,0,"	531204",2569219
2012-12-21,0,0.7,0,0,"	538657",2647262
2012-12-22,1,0,0,0,"	482527",2491069
2012-12-23,1,0,0,0,"	368788",1998310
2012-12-24,0,0.07,0,0,"	344594",1675976
2012-12-25,0,0.06,0,0,"	227615",1377461
2012-12-26,0,0.99,0,0.4,"	347026",1742431
2012-12-27,0,0.62,0,0,"	401642",2068023
2012-12-28,0,0,0,0,"	431556",2263443
2012-12-29,1,0.26,0,0,"	442861",2304068
2012-12-30,1,0,0,0,"	426739",2355057
2012-12-31,0,0,0,0,"	453957",2279274
2013-01-01,0,0,0,0,"	412630",2565421
2013-01-02,0,0,0,0,"	393000",2068685
2013-01-03,0,0,0,0,"	441233",2124198
2013-01-04,0,0,0,0,"	478437",2203792
2013-01-05,1,0,0,0,"	473804",2340142
2013-01-06,1,0,0,0,"	403667",2183487
2013-01-07,0,0,0,0,"	407363",1936804
2013-01-08,0,0,0,0,"	441777",1984819
2013-01-09,0,0,0,0,"	457471",2064282
2013-01-10,0,0,0,0,"	487949",2241637
2013-01-11,0,0.55,0,0,"	521398",2361353
2013-01-12,1,0.02,0,0,"	507429",2430494
2013-01-13,1,0,0,0,"	442541",2370004
2013-01-14,0,0.09,0,0,"	443650",2075455
2013-01-15,0,0.12,0,0,"	496899",2221123
2013-01-16,0,0.69,0,0,"	500065",2273204
2013-01-17,0,0,0,0,"	512533",2398320
2013-01-18,0,0,0,0,"	543734",2543417
2013-01-19,1,0,0,0,"	510530",2494671
2013-01-20,1,0,0,0,"	459393",2373563
2013-01-21,0,0,0,0,"	384614",2002221
2013-01-22,0,0,0,0,"	496005",2204723
2013-01-23,0,0,0,0,"	520520",2269643
2013-01-24,0,0,0,0,"	533039",2418537
2013-01-25,0,0.07,0,1.5,"	537188",2431013
2013-01-26,1,0,2,0,"	557203",2619944
2013-01-27,1,0,1,0,"	470833",2480768
2013-01-28,0,0.22,1,0,"	450789",2070537
2013-01-29,0,0.06,0,0,"	477380",2119572
2013-01-30,0,0.04,0,0,"	482378",2152479
2013-01-31,0,0.9,0,0,"	531161",2432838
2013-02-01,0,0,0,0,"	567076",2585658
2013-02-02,1,0.02,0,0.1,"	569777",2622145
2013-02-03,1,0.02,0,0.3,"	472623",2442109
2013-02-04,0,0,0,0,"	457093",2116410
2013-02-05,0,0.02,0,0.4,"	482637",2098934
2013-02-06,0,0,0,0,"	506443",2248757
2013-02-07,0,0,0,0,"	535105",2465065
2013-02-08,0,1.15,0,6.3,"	432643",1785498
2013-02-09,1,0.38,11,5.1,"	392006",1783348
2013-02-10,1,0,10,0,"	459612",2399792
2013-02-11,0,0.49,9,0,"	458947",2106983
2013-02-12,0,0,4,0,"	503963",2286236
2013-02-13,0,0.03,0,0,"	524250",2395764
2013-02-14,0,0,0,0,"	527476",2495609
2013-02-15,0,0,0,0,"	537129",2617219
2013-02-16,1,0.02,0,0,"	542291",2658286
2013-02-17,1,0,0,0,"	506209",2572696
2013-02-18,0,0,0,0,"	407103",2136917
2013-02-19,0,0.15,0,0,"	456383",2152095
2013-02-20,0,0,0,0,"	512506",2293458
2013-02-21,0,0,0,0,"	538079",2458665
2013-02-22,0,0,0,0,"	558738",2625356
2013-02-23,1,0.26,0,0,"	584812",2765167
2013-02-24,1,0.01,0,0,"	474783",2525493
2013-02-25,0,0,0,0,"	451955",2178681
2013-02-26,0,0.14,0,0,"	496612",2256100
2013-02-27,0,1.56,0,0,"	509033",2316121
2013-02-28,0,0,0,0,"	524890",2497711
2013-03-01,0,0,0,0,"	564492",2699565
2013-03-02,1,0,0,0,"	584654",2838295
2013-03-03,1,0,0,0,"	493312",2677045
2013-03-04,0,0,0,0,"	466591",2229939
2013-03-05,0,0,0,0,"	493815",2252132
2013-03-06,0,0,0,0,"	518309",2337302
2013-03-07,0,0.19,0,0,"	538316",2452678
2013-03-08,0,0.54,2,4,"	545587",2550586
2013-03-09,1,0,2,0,"	562200",2804771
2013-03-10,1,0,0,0,"	468337",2591848
2013-03-11,0,0,0,0,"	451483",2208130
2013-03-12,0,0.79,0,0,"	494922",2238661
2013-03-13,0,0,0,0,"	514843",2455256
2013-03-14,0,0,0,0,"	552660",2666400
2013-03-15,0,0,0,0,"	559360",2751518
2013-03-16,1,0.12,0,0.3,"	574056",2911157
2013-03-17,1,0,0,0,"	493734",2742138
2013-03-18,0,0.65,0,3,"	458062",2232070
2013-03-19,0,0.36,2,0,"	477028",2242907
2013-03-20,0,0,0,0,"	493779",2374171
2013-03-21,0,0,0,0,"	505003",2467026
2013-03-22,0,0,0,0,"	548247",2673800
2013-03-23,1,0,0,0,"	553331",2781636
2013-03-24,1,0,0,0,"	468001",2603361
2013-03-25,0,0.17,0,0,"	438928",2148633
2013-03-26,0,0,0,0,"	460401",2272440
2013-03-27,0,0,0,0,"	486853",2340262
2013-03-28,0,0,0,0,"	512225",2530591
2013-03-29,0,0,0,0,"	519004",2599025
2013-03-30,1,0,0,0,"	504537",2578020
2013-03-31,1,0.08,0,0,"	447157",2498487
2013-04-01,0,0,0,0,"	428997",2209352
2013-04-02,0,0,0,0,"	495549",2375574
2013-04-03,0,0,0,0,"	513864",2428752
2013-04-04,0,0,0,0,"	532590",2590597
2013-04-05,0,0,0,0,"	554436",2697163
2013-04-06,1,0,0,0,"	533177",2717024
2013-04-07,1,0,0,0,"	461165",2634727
2013-04-08,0,0,0,0,"	440520",2190470
2013-04-09,0,0,0,0,"	477161",2262794
2013-04-10,0,0.49,0,0,"	503211",2360261
2013-04-11,0,0,0,0,"	525206",2606189
2013-04-12,0,0.63,0,0,"	564860",2650436
2013-04-13,1,0.01,0,0,"	555218",2764005
2013-04-14,1,0,0,0,"	485706",2733958
2013-04-15,0,0,0,0,"	461076",2309297
2013-04-16,0,0,0,0,"	481130",2278011
2013-04-17,0,0.02,0,0,"	501840",2377353
2013-04-18,0,0.01,0,0,"	526055",2551428
2013-04-19,0,0.05,0,0,"	544060",2682577
2013-04-20,1,0.06,0,0,"	570929",2853842
2013-04-21,1,0,0,0,"	483324",2681089
2013-04-22,0,0,0,0,"	457622",2244497
2013-04-23,0,0,0,0,"	498802",2341088
2013-04-24,0,0,0,0,"	500551",2359296
2013-04-25,0,0,0,0,"	518574",2576704
2013-04-26,0,0,0,0,"	539015",2698887
2013-04-27,1,0,0,0,"	538317",2750432
2013-04-28,1,0,0,0,"	467900",2658770
2013-04-29,0,0.04,0,0,"	459114",2244218
2013-04-30,0,0,0,0,"	480499",2280562
2013-05-01,0,0,0,0,"	496654",2402738
2013-05-02,0,0,0,0,"	523150",2562281
2013-05-03,0,0,0,0,"	550959",2732645
2013-05-04,1,0,0,0,"	554561",2792925
2013-05-05,1,0,0,0,"	488396",2776421
2013-05-06,0,0,0,0,"	468128",2329271
2013-05-07,0,0,0,0,"	490805",2348102
2013-05-08,0,3.02,0,0,"	509311",2411883
2013-05-09,0,0.5,0,0,"	526752",2596406
2013-05-10,0,0.01,0,0,"	538311",2677827
2013-05-11,1,1.09,0,0,"	540132",2696923
2013-05-12,1,0,0,0,"	461193",2620946
2013-05-13,0,0,0,0,"	460124",2285572
2013-05-14,0,0,0,0,"	490347",2309489
2013-05-15,0,0,0,0,"	508359",2448062
2013-05-16,0,0,0,0,"	528160",2629976
2013-05-17,0,0,0,0,"	533823",2739782
2013-05-18,1,0.01,0,0,"	535926",2818394
2013-05-19,1,0.6,0,0,"	489710",2739173
2013-05-20,0,0,0,0,"	466778",2410958
2013-05-21,0,0,0,0,"	499524",2475377
2013-05-22,0,0,0,0,"	502907",2482017
2013-05-23,0,1.81,0,0,"	492055",2520760
2013-05-24,0,0.3,0,0,"	493125",2576921
2013-05-25,1,0.14,0,0,"	453460",2412570
2013-05-26,1,0,0,0,"	384516",2199545
2013-05-27,0,0,0,0,"	336266",2108590
2013-05-28,0,0.52,0,0,"	445789",2234338
2013-05-29,0,0,0,0,"	479913",2309773
2013-05-30,0,0,0,0,"	510309",2489888
2013-05-31,0,0,0,0,"	525606",2598728
2013-06-01,1,0,0,0,"	533686",2767484
2013-06-02,1,0.85,0,0,"	451758",2594865
2013-06-03,0,0.87,0,0,"	452843",2260565
2013-06-04,0,0,0,0,"	477247",2329508
2013-06-05,0,0,0,0,"	497524",2427830
2013-06-06,0,0.13,0,0,"	515390",2566713
2013-06-07,0,4.16,0,0,"	532092",2580542
2013-06-08,1,0.48,0,0,"	489509",2532161
2013-06-09,1,0,0,0,"	441053",2615217
2013-06-10,0,1.38,0,0,"	461167",2305626
2013-06-11,0,0.09,0,0,"	473608",2291618
2013-06-12,0,0,0,0,"	486639",2384542
2013-06-13,0,1.26,0,0,"	519795",2491224
2013-06-14,0,0.38,0,0,"	507938",2570432
2013-06-15,1,0,0,0,"	495600",2619202
2013-06-16,1,0,0,0,"	421987",2527105
2013-06-17,0,0.01,0,0,"	437845",2252776
2013-06-18,0,0.2,0,0,"	467426",2263646
2013-06-19,0,0,0,0,"	489915",2443054
2013-06-20,0,0,0,0,"	499545",2504449
2013-06-21,0,0,0,0,"	505615",2583510
2013-06-22,1,0,0,0,"	474408",2518693
2013-06-23,1,0,0,0,"	436668",2554680
2013-06-24,0,0,0,0,"	437610",2225420
2013-06-25,0,0,0,0,"	470671",2287018
2013-06-26,0,0.05,0,0,"	487692",2405495
2013-06-27,0,0.24,0,0,"	504877",2489638
2013-06-28,0,0,0,0,"	506807",2606307
2013-06-29,1,0,0,0,"	490613",2646711
2013-06-30,1,0,0,0,"	417927",2397543
2013-07-01,0,0.84,0,0,"	422480",2115591
2013-07-02,0,0.08,0,0,"	442300",2096486
2013-07-03,0,0.53,0,0,"	435265",2139755
2013-07-04,0,0,0,0,"	326471",1817407
2013-07-05,0,0,0,0,"	353054",1811423
2013-07-06,1,0,0,0,"	355218",1942122
2013-07-07,1,0,0,0,"	358766",2150741
2013-07-08,0,0.22,0,0,"	413838",2208974
2013-07-09,0,0.23,0,0,"	458674",2218015
2013-07-10,0,0,0,0,"	474780",2271125
2013-07-11,0,0,0,0,"	495023",2454440
2013-07-12,0,0.25,0,0,"	507426",2487830
2013-07-13,1,0.06,0,0,"	468743",2458466
2013-07-14,1,0,0,0,"	435797",2497410
2013-07-15,0,0,0,0,"	443449",2205067
2013-07-16,0,0,0,0,"	466846",2214086
2013-07-17,0,0,0,0,"	496511",2345267
2013-07-18,0,0,0,0,"	513766",2479712
2013-07-19,0,0,0,0,"	515946",2541115
2013-07-20,1,0,0,0,"	485994",2533093
2013-07-21,1,0,0,0,"	414532",2421537
2013-07-22,0,0.06,0,0,"	440457",2196011
2013-07-23,0,0.31,0,0,"	465257",2274590
2013-07-24,0,0,0,0,"	476404",2350253
2013-07-25,0,0.01,0,0,"	487993",2431001
2013-07-26,0,0,0,0,"	483652",2450856
2013-07-27,1,0,0,0,"	457849",2463534
2013-07-28,1,0.24,0,0,"	415239",2382351
2013-07-29,0,0.01,0,0,"	409210",2177721
2013-07-30,0,0,0,0,"	443487",2154980
2013-07-31,0,0,0,0,"	459413",2254027
2013-08-01,0,0.65,0,0,"	307226",1267755
2013-08-02,0,0,0,0,"	236714",911648
2013-08-03,1,0.06,0,0,"	226507",950734
2013-08-04,1,0,0,0,"	202288",936664
2013-08-05,0,0,0,0,"	406360",2130132
2013-08-06,0,0,0,0,"	448234",2191962
2013-08-07,0,0,0,0,"	465610",2303968
2013-08-08,0,0.46,0,0,"	437111",2196054
2013-08-09,0,0.05,0,0,"	489264",2497772
2013-08-10,1,0,0,0,"	445024",2428254
2013-08-11,1,0,0,0,"	195405",1439123
2013-08-12,0,0.05,0,0,"	399247",2101449
2013-08-13,0,0.85,0,0,"	449925",2177539
2013-08-14,0,0,0,0,"	457828",2282304
2013-08-15,0,0,0,0,"	473517",2442528
2013-08-16,0,0,0,0,"	449746",2385593
2013-08-17,1,0,0,0,"	438062",2447181
2013-08-18,1,0,0,0,"	390897",2355986
2013-08-19,0,0,0,0,"	397324",2108546
2013-08-20,0,0,0,0,"	432518",2154085
2013-08-21,0,0,0,0,"	454058",2285230
2013-08-22,0,0.25,0,0,"	471218",2357206
2013-08-23,0,0,0,0,"	464458",2460734
2013-08-24,1,0,0,0,"	448458",2485612
2013-08-25,1,0,0,0,"	400725",2435605
2013-08-26,0,0.04,0,0,"	394372",2114101
2013-08-27,0,0.01,0,0,"	422772",2114524
2013-08-28,0,0.43,0,0,"	444708",2205019
2013-08-29,0,0,0,0,"	455427",2399139
2013-08-30,0,0,0,0,"	456795",2494579
2013-08-31,1,0,0,0,"	434529",2457462
2013-09-01,1,0,0,0,"	384470",2228224
2013-09-02,0,0.05,0,0,"	332266",2068841
2013-09-03,0,0.03,0,0,"	422359",2236191
2013-09-04,0,0,0,0,"	453983",2219647
2013-09-05,0,0,0,0,"	467390",2308271
2013-09-06,0,0,0,0,"	508640",2529141
2013-09-07,1,0,0,0,"	511269",2668514
2013-09-08,1,0,0,0,"	462607",2648284
2013-09-09,0,0,0,0,"	451162",2315087
2013-09-10,0,0.01,0,0,"	483385",2317746
2013-09-11,0,0,0,0,"	501093",2344469
2013-09-12,0,1.6,0,0,"	503526",2480741
2013-09-13,0,0.06,0,0,"	523279",2692644
2013-09-14,1,0,0,0,"	518169",2663594
2013-09-15,1,0,0,0,"	462795",2640075
2013-09-16,0,0.03,0,0,"	444748",2265019
2013-09-17,0,0,0,0,"	468093",2254946
2013-09-18,0,0,0,0,"	484596",2368610
2013-09-19,0,0,0,0,"	504010",2536214
2013-09-20,0,0,0,0,"	523123",2691783
2013-09-21,1,0.72,0,0,"	535226",2790251
2013-09-22,1,0.45,0,0,"	457166",2676968
2013-09-23,0,0,0,0,"	411837",2146296
2013-09-24,0,0,0,0,"	435121",2112893
2013-09-25,0,0,0,0,"	461769",2287003
2013-09-26,0,0,0,0,"	484958",2449422
2013-09-27,0,0,0,0,"	502250",2588157
2013-09-28,1,0,0,0,"	526082",2756141
2013-09-29,1,0,0,0,"	457888",2701542
2013-09-30,0,0,0,0,"	424431",2221612
2013-10-01,0,0,0,0,"	452769",2198285
2013-10-02,0,0,0,0,"	475182",2313239
2013-10-03,0,0,0,0,"	496807",2485505
2013-10-04,0,0,0,0,"	520937",2612535
2013-10-05,1,0,0,0,"	538444",2722949
2013-10-06,1,0,0,0,"	457691",2657251
2013-10-07,0,0.25,0,0,"	426030",2136450
2013-10-08,0,0,0,0,"	459784",2211630
2013-10-09,0,0,0,0,"	484883",2356914
2013-10-10,0,0,0,0,"	507456",2523346
2013-10-11,0,0.02,0,0,"	516171",2642529
2013-10-12,1,0,0,0,"	524068",2757738
2013-10-13,1,0,0,0,"	462766",2661781
2013-10-14,0,0,0,0,"	403416",2213948
2013-10-15,0,0,0,0,"	430354",2176855
2013-10-16,0,0,0,0,"	477305",2349964
2013-10-17,0,0.02,0,0,"	506341",2536695
2013-10-18,0,0,0,0,"	526590",2670680
2013-10-19,1,0.01,0,0,"	549186",2806213
2013-10-20,1,0,0,0,"	473864",2740610
2013-10-21,0,0,0,0,"	435562",2223848
2013-10-22,0,0,0,0,"	466786",2245350
2013-10-23,0,0,0,0,"	495387",2377324
2013-10-24,0,0,0,0,"	513937",2547634
2013-10-25,0,0,0,0,"	530999",2644146
2013-10-26,1,0,0,0,"	536130",2752941
2013-10-27,1,0,0,0,"	468421",2742832
2013-10-28,0,0,0,0,"	432200",2192850
2013-10-29,0,0,0,0,"	463945",2169189
2013-10-30,0,0,0,0,"	481728",2294195
2013-10-31,0,0.06,0,0,"	489417",2356671
2013-11-01,0,0.13,0,0,"	555745",2808856
2013-11-02,1,0,0,0,"	550253",2736745
2013-11-03,1,0,0,0,"	482847",2690857
2013-11-04,0,0,0,0,"	448323",2278942
2013-11-05,0,0,0,0,"	467508",2230604
2013-11-06,0,0,0,0,"	483207",2306924
2013-11-07,0,0.13,0,0,"	508154",2494557
2013-11-08,0,0,0,0,"	528447",2640860
2013-11-09,1,0,0,0,"	545002",2693156
2013-11-10,1,0,0,0,"	473151",2624604
2013-11-11,0,0,0,0,"	417822",2182159
2013-11-12,0,0.03,0,0,"	473987",2193367
2013-11-13,0,0,0,0,"	492095",2290467
2013-11-14,0,0,0,0,"	506377",2447082
2013-11-15,0,0,0,0,"	514297",2547759
2013-11-16,1,0.05,0,0,"	538546",2689998
2013-11-17,1,0.03,0,0,"	464838",2603619
2013-11-18,0,0.22,0,0,"	425004",2152148
2013-11-19,0,0,0,0,"	475478",2185522
2013-11-20,0,0,0,0,"	493407",2305385
2013-11-21,0,0,0,0,"	497944",2423156
2013-11-22,0,0.07,0,0,"	524547",2556513
2013-11-23,1,0,0,0,"	553845",2725034
2013-11-24,1,0,0,0,"	498122",2560670
2013-11-25,0,0,0,0,"	445802",2060805
2013-11-26,0,0.51,0,0,"	438122",2082544
2013-11-27,0,1.98,0,0,"	447133",2086914
2013-11-28,0,0,0,0,"	331610",1844206
2013-11-29,0,0,0,0,"	373808",1797441
2013-11-30,1,0,0,0,"	433028",2281952
2013-12-01,1,0,0,0,"	398089",2390571
2013-12-02,0,0,0,0,"	427094",2285198
2013-12-03,0,0,0,0,"	463782",2273166
2013-12-04,0,0,0,0,"	471838",2317693
2013-12-05,0,0.01,0,0,"	498220",2483732
2013-12-06,0,0.73,0,0,"	530748",2629499
2013-12-07,1,0.14,0,0,"	552655",2731408
2013-12-08,1,0.08,0,0.7,"	488180",2686530
2013-12-09,0,0.3,0,0,"	452108",2255105
2013-12-10,0,0.23,0,1.4,"	478456",2216498
2013-12-11,0,0,0,0,"	485363",2366148
2013-12-12,0,0,0,0,"	507534",2535639
2013-12-13,0,0,0,0,"	543606",2714903
2013-12-14,1,0.73,0,5,"	516303",2510556
2013-12-15,1,0.72,3.1,0,"	458267",2510351
2013-12-16,0,0,3.1,0,"	454088",2243251
2013-12-17,0,0.19,3.1,1.5,"	481726",2247197
2013-12-18,0,0,3.9,0,"	488390",2403078
2013-12-19,0,0,3.1,0,"	496031",2507810
2013-12-20,0,0,3.1,0,"	520424",2677120
2013-12-21,1,0.01,1.2,0,"	478717",2549430
2013-12-22,1,0,0,0,"	403373",2253243
2013-12-23,0,0.51,0,0,"	385241",1897164
2013-12-24,0,0,0,0,"	369596",1774652
2013-12-25,0,0,0,0,"	245723",1415704
2013-12-26,0,0,0,0,"	321895",1709114
2013-12-27,0,0,0,0,"	381837",2047737
2013-12-28,1,0,0,0,"	391307",2195507
2013-12-29,1,1.2,0,0,"	407235",2312966
2013-12-30,0,0,0,0,"	405705",2133264
2013-12-31,0,0,0,0,"	467587",2265849
2014-01-01,0,0,0,0,"	420810",2576535
2014-01-02,0,0.33,0,3.1,"	359957",1802026
2014-01-03,0,0.29,5.9,3.3,"	275469",1416952
2014-01-04,1,0,5.9,0,"	417499",2095195
2014-01-05,1,0.14,3.9,0,"	388542",2104030
2014-01-06,0,0.36,1.2,0,"	395445",1974823
2014-01-07,0,0,0,0,"	460050",2042731
2014-01-08,0,0,0,0,"	473611",2094533
2014-01-09,0,0,0,0,"	479712",2207632
2014-01-10,0,0.11,0,0,"	507732",2327305
2014-01-11,1,0.5,0,0,"	511172",2433713
2014-01-12,1,0.05,0,0,"	450487",2419176
2014-01-13,0,0,0,0,"	419698",1988591
2014-01-14,0,0.38,0,0,"	454108",2028165
2014-01-15,0,0,0,0,"	466443",2228766
2014-01-16,0,0,0,0,"	482032",2287242
2014-01-17,0,0,0,0,"	490852",2388492
2014-01-18,1,0.07,0,0,"	507033",2450053
2014-01-19,1,0,0,0,"	462238",2364088
2014-01-20,0,0,0,0,"	378450",2031600
2014-01-21,0,0.46,0,11,"	255518",1080625
2014-01-22,0,0.02,11,0.5,"	377773",1754430
2014-01-23,0,0,7.1,0,"	462469",2220483
2014-01-24,0,0,5.9,0,"	509508",2367264
2014-01-25,1,0.04,3.9,1,"	530551",2461137
2014-01-26,1,0,3.9,0,"	457026",2369601
2014-01-27,0,0,3.1,0,"	418858",1939063
2014-01-28,0,0,1.2,0,"	468729",2021679
2014-01-29,0,0.04,2,0.8,"	477984",2105352
2014-01-30,0,0,1,0,"	495969",2263127
2014-01-31,0,0,1.2,0,"	526748",2455915
2014-02-01,1,0,1.2,0,"	533783",2535656
2014-02-02,1,0,1.2,0,"	464225",2396314
2014-02-03,0,1.17,1.2,8,"	382517",1870718
2014-02-04,0,0,7.9,0,"	454444",2099456
2014-02-05,0,1.43,9.1,4,"	413853",1789050
2014-02-06,0,0,9.1,0,"	478790",2262183
2014-02-07,0,0,9.1,0,"	512217",2414586
2014-02-08,1,0,9.1,0,"	549967",2542633
2014-02-09,1,0.1,7.9,1.2,"	466492",2393586
2014-02-10,0,0,9.8,0,"	435911",2022679
2014-02-11,0,0,9.8,0,"	489373",2152252
2014-02-12,0,0,9.8,0,"	481967",2177909
2014-02-13,0,1.78,11.8,9.5,"	326187",1468152
2014-02-14,0,0.3,18.1,3,"	472229",2346086
2014-02-15,1,0.13,18.1,1.6,"	491375",2413533
2014-02-16,1,0,18.1,0,"	457332",2335319
2014-02-17,0,0,16.9,0,"	391723",2039830
2014-02-18,0,0.16,18.1,1.5,"	419655",1997596
2014-02-19,0,0.26,16.9,0,"	446126",2084467
2014-02-20,0,0.03,15,0,"	466020",2239104
2014-02-21,0,0.09,13,0,"	503515",2367834
2014-02-22,1,0,9.8,0,"	522080",2596586
2014-02-23,1,0,9.1,0,"	442458",2436815
2014-02-24,0,0,5.9,0,"	439480",2099260
2014-02-25,0,0,5.9,0,"	472383",2140531
2014-02-26,0,0.03,5.9,0.2,"	492982",2239194
2014-02-27,0,0,5.9,0,"	512342",2391204
2014-02-28,0,0,5.9,0,"	544363",2566250
2014-03-01,1,0,5.9,0,"	554906",2717002
2014-03-02,1,0,5.1,0,"	462065",2504095
2014-03-03,0,0.04,5.1,0.1,"	463982",2118510
2014-03-04,0,0,5.1,0,"	499349",2267190
2014-03-05,0,0,3.9,0,"	508381",2372398
2014-03-06,0,0,3.9,0,"	531137",2517880
2014-03-07,0,0,3.9,0,"	547177",2605136
2014-03-08,1,0,3.1,0,"	551574",2723135
2014-03-09,1,0,2,0,"	473451",2608176
2014-03-10,0,0,1.2,0,"	442200",2178534
2014-03-11,0,0,0,0,"	456983",2166351
2014-03-12,0,0.35,0,0,"	483326",2287235
2014-03-13,0,0,0,0,"	549191",2523467
2014-03-14,0,0,0,0,"	539176",2642217
2014-03-15,1,0,0,0,"	547916",2763557
2014-03-16,1,0,0,0,"	485008",2659191
2014-03-17,0,0,0,0,"	433321",2190198
2014-03-18,0,0,0,0,"	469975",2225152
2014-03-19,0,0.92,0,0,"	489567",2269625
2014-03-20,0,0,0,0,"	500070",2497709
2014-03-21,0,0,0,0,"	516535",2582814
2014-03-22,1,0,0,0,"	534441",2728109
2014-03-23,1,0,0,0,"	480744",2699724
2014-03-24,0,0,0,0,"	443322",2215319
2014-03-25,0,0,0,0,"	461531",2195082
2014-03-26,0,0,0,0,"	502757",2335722
2014-03-27,0,0,0,0,"	507907",2496257
2014-03-28,0,0.04,0,0,"	522404",2586066
2014-03-29,1,1.81,0,0,"	574530",2755328
2014-03-30,1,0.35,0,0,"	462771",2568575
2014-03-31,0,0.16,0,0,"	432402",2203136
2014-04-01,0,0,0,0,"	462503",2188416
2014-04-02,0,0,0,0,"	483841",2255007
2014-04-03,0,0.07,0,0,"	499912",2429839
2014-04-04,0,0.21,0,0,"	544519",2589647
2014-04-05,1,0,0,0,"	543175",2683059
2014-04-06,1,0,0,0,"	475267",2678581
2014-04-07,0,0.52,0,0,"	460614",2225501
2014-04-08,0,0.34,0,0,"	467018",2229482
2014-04-09,0,0,0,0,"	484663",2332516
2014-04-10,0,0,0,0,"	498870",2485695
2014-04-11,0,0,0,0,"	506025",2542021
2014-04-12,1,0,0,0,"	540202",2745205
2014-04-13,1,0,0,0,"	472041",2654912
2014-04-14,0,0,0,0,"	419268",2164694
2014-04-15,0,0.71,0,0,"	481424",2250021
2014-04-16,0,0.05,0,0,"	495438",2413281
2014-04-17,0,0,0,0,"	508415",2551238
2014-04-18,0,0,0,0,"	514893",2580104
2014-04-19,1,0,0,0,"	483916",2458679
2014-04-20,1,0,0,0,"	429066",2499816
2014-04-21,0,0,0,0,"	421347",2250137
2014-04-22,0,0.01,0,0,"	463407",2307771
2014-04-23,0,0,0,0,"	501335",2441478
2014-04-24,0,0,0,0,"	505056",2548783
2014-04-25,0,0.02,0,0,"	526282",2646613
2014-04-26,1,0.92,0,0,"	540090",2740323
2014-04-27,1,0,0,0,"	473210",2719735
2014-04-28,0,0,0,0,"	436246",2257286
2014-04-29,0,0.03,0,0,"	483147",2240231
2014-04-30,0,4.97,0,0,"	497569",2322576
2014-05-01,0,0.12,0,0,"	492691",2518699
2014-05-02,0,0,0,0,"	516985",2717870
2014-05-03,1,0.08,0,0,"	544063",2797933
2014-05-04,1,0.02,0,0,"	475789",2735987
2014-05-05,0,0,0,0,"	461342",2374897
2014-05-06,0,0,0,0,"	483245",2363158
2014-05-07,0,0,0,0,"	484552",2404775
2014-05-08,0,0.41,0,0,"	508104",2526921
2014-05-09,0,0.04,0,0,"	523936",2634099
2014-05-10,1,0.37,0,0,"	527537",2720336
2014-05-11,1,0.03,0,0,"	454120",2650135
2014-05-12,0,0,0,0,"	437492",2274008
2014-05-13,0,0,0,0,"	473044",2293070
2014-05-14,0,0.01,0,0,"	466666",2357181
2014-05-15,0,0.15,0,0,"	495003",2521436
2014-05-16,0,1.54,0,0,"	515834",2641760
2014-05-17,1,0,0,0,"	506831",2755918
2014-05-18,1,0,0,0,"	473932",2801923
2014-05-19,0,0,0,0,"	452923",2400550
2014-05-20,0,0,0,0,"	472199",2418196
2014-05-21,0,0,0,0,"	483979",2487123
2014-05-22,0,0.24,0,0,"	489262",2505397
2014-05-23,0,0.91,0,0,"	495859",2603412
2014-05-24,1,0.4,0,0,"	413311",2291193
2014-05-25,1,0,0,0,"	378073",2188241
2014-05-26,0,0,0,0,"	336173",2132069
2014-05-27,0,0,0,0,"	432969",2231836
2014-05-28,0,0,0,0,"	472420",2348514
2014-05-29,0,0,0,0,"	489739",2445044
2014-05-30,0,0,0,0,"	503977",2529962
2014-05-31,1,0.05,0,0,"	511991",2682192
2014-06-01,1,0,0,0,"	435163",2638443
2014-06-02,0,0,0,0,"	428122",2234065
2014-06-03,0,0.12,0,0,"	462670",2233486
2014-06-04,0,0,0,0,"	482348",2349670
2014-06-05,0,0.87,0,0,"	501694",2506409
2014-06-06,0,0,0,0,"	495170",2540380
2014-06-07,1,0,0,0,"	504156",2625466
2014-06-08,1,0,0,0,"	434856",2611632
2014-06-09,0,1.6,0,0,"	440162",2299183
2014-06-10,0,0,0,0,"	463614",2248990
2014-06-11,0,0.02,0,0,"	477219",2338326
2014-06-12,0,0.07,0,0,"	498857",2516291
2014-06-13,0,1.28,0,0,"	496516",2493819
2014-06-14,1,0,0,0,"	487611",2573121
2014-06-15,1,0,0,0,"	414417",2481401
2014-06-16,0,0,0,0,"	423175",2223957
2014-06-17,0,0,0,0,"	449368",2212925
2014-06-18,0,0,0,0,"	472667",2327778
2014-06-19,0,0.15,0,0,"	487104",2470828
2014-06-20,0,0,0,0,"	485548",2507723
2014-06-21,1,0,0,0,"	473409",2515884
2014-06-22,1,0,0,0,"	430757",2559470
2014-06-23,0,0,0,0,"	413205",2204688
2014-06-24,0,0,0,0,"	441878",2196952
2014-06-25,0,0.08,0,0,"	468089",2319530
2014-06-26,0,0.07,0,0,"	486884",2530123
2014-06-27,0,0,0,0,"	474158",2492570
2014-06-28,1,0,0,0,"	472015",2532940
2014-06-29,1,0,0,0,"	402673",2380823
2014-06-30,0,0,0,0,"	409501",2118299
2014-07-01,0,0,0,0,"	445743",2140716
2014-07-02,0,0.96,0,0,"	439423",2095138
2014-07-03,0,1.78,0,0,"	417460",2141203
2014-07-04,0,0.14,0,0,"	309652",1806643
2014-07-05,1,0,0,0,"	308304",1770025
2014-07-06,1,0,0,0,"	313544",1974221
2014-07-07,0,0.04,0,0,"	378451",2025563
2014-07-08,0,0.39,0,0,"	434856",2090366
2014-07-09,0,0.09,0,0,"	448579",2191666
2014-07-10,0,0,0,0,"	456003",2252162
2014-07-11,0,0,0,0,"	458597",2314725
2014-07-12,1,0,0,0,"	447090",2351505
2014-07-13,1,0.03,0,0,"	410483",2342178
2014-07-14,0,0.46,0,0,"	416403",2115169
2014-07-15,0,1.3,0,0,"	436616",2084812
2014-07-16,0,0,0,0,"	449192",2257153
2014-07-17,0,0,0,0,"	457123",2334981
2014-07-18,0,0,0,0,"	460247",2365842
2014-07-19,1,0,0,0,"	445222",2366672
2014-07-20,1,0,0,0,"	398703",2345432
2014-07-21,0,0,0,0,"	399110",2104524
2014-07-22,0,0,0,0,"	447126",2169230
2014-07-23,0,0.19,0,0,"	466725",2273222
2014-07-24,0,0,0,0,"	461698",2355112
2014-07-25,0,0,0,0,"	461493",2420682
2014-07-26,1,0,0,0,"	448388",2407725
2014-07-27,1,0.02,0,0,"	403948",2354415
2014-07-28,0,0.19,0,0,"	368733",1965791
2014-07-29,0,0,0,0,"	422448",2116721
2014-07-30,0,0,0,0,"	441490",2221784
2014-07-31,0,0,0,0,"	453515",2316997
2014-08-01,0,0,0,0,"	453428",2347628
2014-08-02,1,0.41,0,0,"	440096",2368952
2014-08-03,1,0.07,0,0,"	397765",2318688
2014-08-04,0,0,0,0,"	392871",2093682
2014-08-05,0,0,0,0,"	422243",2113201
2014-08-06,0,0,0,0,"	439508",2197122
2014-08-07,0,0,0,0,"	446629",2302430
2014-08-08,0,0,0,0,"	445799",2318481
2014-08-09,1,0,0,0,"	420314",2289208
2014-08-10,1,0,0,0,"	372124",2227473
2014-08-11,0,0,0,0,"	377494",2030850
2014-08-12,0,0.19,0,0,"	413297",2038262
2014-08-13,0,0.53,0,0,"	434391",2154609
2014-08-14,0,0,0,0,"	439289",2277787
2014-08-15,0,0,0,0,"	444148",2342722
2014-08-16,1,0,0,0,"	419353",2297908
2014-08-17,1,0.01,0,0,"	380140",2272364
2014-08-18,0,0,0,0,"	376662",2041128
2014-08-19,0,0,0,0,"	405997",2036133
2014-08-20,0,0,0,0,"	422389",2146933
2014-08-21,0,0.35,0,0,"	441620",2273181
2014-08-22,0,0.06,0,0,"	419858",2226998
2014-08-23,1,0.01,0,0,"	402490",2208864
2014-08-24,1,0,0,0,"	364236",2221604
2014-08-25,0,0,0,0,"	357998",1940601
2014-08-26,0,0,0,0,"	389266",1976225
2014-08-27,0,0,0,0,"	415610",2098800
2014-08-28,0,0,0,0,"	414649",2181669
2014-08-29,0,0,0,0,"	410496",2241639
2014-08-30,1,0,0,0,"	376328",2117192
2014-08-31,1,0.62,0,0,"	352389",2030975
2014-09-01,0,0,0,0,"	319157",2016405
2014-09-02,0,0,0,0,"	408333",2095263
2014-09-03,0,0,0,0,"	441040",2163415
2014-09-04,0,0,0,0,"	469500",2303311
2014-09-05,0,0,0,0,"	496714",2426825
2014-09-06,1,0.11,0,0,"	503100",2527338
2014-09-07,1,0,0,0,"	445959",2510621
2014-09-08,0,0,0,0,"	430611",2216674
2014-09-09,0,0,0,0,"	450763",2173187
2014-09-10,0,0,0,0,"	466592",2268825
2014-09-11,0,0,0,0,"	478607",2301796
2014-09-12,0,0,0,0,"	486929",2427940
2014-09-13,1,0.26,0,0,"	513501",2561631
2014-09-14,1,0,0,0,"	450849",2544120
2014-09-15,0,0,0,0,"	421980",2148886
2014-09-16,0,0.37,0,0,"	447618",2119791
2014-09-17,0,0,0,0,"	451216",2206310
2014-09-18,0,0,0,0,"	464358",2346676
2014-09-19,0,0,0,0,"	488834",2495503
2014-09-20,1,0,0,0,"	492576",2530424
2014-09-21,1,0.15,0,0,"	402953",2407929
2014-09-22,0,0,0,0,"	393656",2082399
2014-09-23,0,0,0,0,"	401123",1973158
2014-09-24,0,0,0,0,"	416770",2050414
2014-09-25,0,0.32,0,0,"	426440",2095042
2014-09-26,0,0,0,0,"	448361",2265309
2014-09-27,1,0,0,0,"	486921",2519075
2014-09-28,1,0,0,0,"	433820",2517599
2014-09-29,0,0,0,0,"	400318",2086355
2014-09-30,0,0,0,0,"	435417",2074631
2014-10-01,0,0.02,0,0,"	458010",2165594
2014-10-02,0,0,0,0,"	467301",2296577
2014-10-03,0,0,0,0,"	485297",2407467
2014-10-04,1,1.18,0,0,"	467371",2292533
2014-10-05,1,0,0,0,"	416216",2371282
2014-10-06,0,0,0,0,"	409584",2101800
2014-10-07,0,0.06,0,0,"	436891",2076465
2014-10-08,0,0.04,0,0,"	456070",2223675
2014-10-09,0,0,0,0,"	477361",2389180
2014-10-10,0,0,0,0,"	489982",2531129
2014-10-11,1,0.33,0,0,"	509530",2576152
2014-10-12,1,0,0,0,"	437673",2542090
2014-10-13,0,0.05,0,0,"	389171",2123797
2014-10-14,0,0,0,0,"	431529",2169474
2014-10-15,0,0.69,0,0,"	456636",2225727
2014-10-16,0,1.11,0,0,"	481635",2383429
2014-10-17,0,0,0,0,"	492494",2527953
2014-10-18,1,0,0,0,"	513702",2618853
2014-10-19,1,0,0,0,"	461858",2607683
2014-10-20,0,0,0,0,"	416422",2166661
2014-10-21,0,0.11,0,0,"	445571",2136944
2014-10-22,0,1.51,0,0,"	461722",2167536
2014-10-23,0,0.61,0,0,"	471818",2340476
2014-10-24,0,0,0,0,"	492064",2522403
2014-10-25,1,0.01,0,0,"	500873",2543041
2014-10-26,1,0,0,0,"	441193",2522106
2014-10-27,0,0,0,0,"	411856",2102535
2014-10-28,0,0,0,0,"	434802",2088284
2014-10-29,0,0,0,0,"	454041",2170670
2014-10-30,0,0,0,0,"	469494",2328812
2014-10-31,0,0.05,0,0,"	494320",2426827
2014-11-01,1,0.35,0,0,"	561404",2772392
2014-11-02,1,0,0,0,"	435721",2392327
2014-11-03,0,0,0,0,"	412503",2133636
2014-11-04,0,0,0,0,"	424682",2059068
2014-11-05,0,0,0,0,"	449110",2160347
2014-11-06,0,0.37,0,0,"	470232",2275721
2014-11-07,0,0,0,0,"	486697",2446398
2014-11-08,1,0,0,0,"	515675",2530325
2014-11-09,1,0,0,0,"	445908",2471560
2014-11-10,0,0,0,0,"	407197",2049665
2014-11-11,0,0,0,0,"	402435",1981465
2014-11-12,0,0,0,0,"	444745",2119190
2014-11-13,0,0.2,0,0,"	464077",2220230
2014-11-14,0,0.06,0,0,"	491482",2390465
2014-11-15,1,0,0,0,"	508043",2476354
2014-11-16,1,0.03,0,0,"	442084",2438285
2014-11-17,0,1.54,0,0,"	402189",1959472
2014-11-18,0,0,0,0,"	456387",2101912
2014-11-19,0,0,0,0,"	458644",2136141
2014-11-20,0,0,0,0,"	458620",2233115
2014-11-21,0,0,0,0,"	495376",2404002
2014-11-22,1,0,0,0,"	516116",2496842
2014-11-23,1,0,0,0,"	425989",2282945
2014-11-24,0,0.7,0,0,"	398633",1876876
2014-11-25,0,0,0,0,"	409243",1980565
2014-11-26,0,1.24,0,0.2,"	425449",1976672
2014-11-27,0,0.02,0,0,"	296309",1656803
2014-11-28,0,0,0,0,"	347711",1644113
2014-11-29,1,0,0,0,"	395378",2098420
2014-11-30,1,0,0,0,"	370177",2223206
2014-12-01,0,0.09,0,0,"	399044",2124808
2014-12-02,0,0.08,0,0,"	440620",2080859
2014-12-03,0,0.06,0,0,"	438432",2105639
2014-12-04,0,0,0,0,"	458616",2275121
2014-12-05,0,0.51,0,0,"	496034",2408399
2014-12-06,1,1.22,0,0,"	508899",2406516
2014-12-07,1,0.04,0,0,"	460972",2471932
2014-12-08,0,0,0,0,"	431042",2114081
2014-12-09,0,2.54,0,0,"	437220",2002143
2014-12-10,0,0.08,0,1,"	447350",2126659
2014-12-11,0,0.01,1.2,0,"	469687",2382419
2014-12-12,0,0,0,0,"	497272",2503398
2014-12-13,1,0,0,0,"	501276",2455922
2014-12-14,1,0,0,0,"	441365",2420532
2014-12-15,0,0,0,0,"	410459",2050275
2014-12-16,0,0.2,0,0,"	439779",2061032
2014-12-17,0,0.02,0,0,"	456564",2185290
2014-12-18,0,0,0,0,"	482660",2373897
2014-12-19,0,0,0,0,"	509016",2534432
2014-12-20,1,0,0,0,"	494266",2495081
2014-12-21,1,0,0,0,"	419889",2229883
2014-12-22,0,0.04,0,0,"	382112",1849707
2014-12-23,0,0.16,0,0,"	384346",1859673
2014-12-24,0,0.8,0,0,"	348267",1657116
2014-12-25,0,0.09,0,0,"	210250",1249978
2014-12-26,0,0,0,0,"	278667",1535565
2014-12-27,1,0,0,0,"	323696",1854183
2014-12-28,1,0.1,0,0,"	323916",1970156
2014-12-29,0,0,0,0,"	339450",1836809
2014-12-30,0,0,0,0,"	377702",1940227
2014-12-31,0,0,0,0,"	405293",1947323
2015-01-01,0,0,0,0,"	382008",2261719
2015-01-02,0,0,0,0,"	345288",1829224
2015-01-03,1,0.71,0,0,"	406762",2066186
2015-01-04,1,0.3,0,0,"	328837",1898871
2015-01-05,0,0,0,0,"	363448",1850474
2015-01-06,0,0.05,0,1,"	384320",1744011
2015-01-07,0,0,1.2,0,"	429641",1881647
2015-01-08,0,0,0,0,"	450916",2001442
2015-01-09,0,0.07,0,1.5,"	447935",2037584
2015-01-10,1,0,1.2,0,"	515532",2355782
2015-01-11,1,0,1.2,0,"	419622",2180604
2015-01-12,0,0.36,0,0,"	396367",1830689
2015-01-13,0,0,0,0,"	448517",1979988
2015-01-14,0,0,0,0,"	442655",2010558
2015-01-15,0,0,0,0,"	451182",2105772
2015-01-16,0,0,0,0,"	478122",2248309
2015-01-17,1,0,0,0,"	476824",2216366
2015-01-18,1,2.1,0,0,"	427041",2109689
2015-01-19,0,0,0,0,"	342794",1800462
2015-01-20,0,0,0,0,"	405581",1869083
2015-01-21,0,0,0,0,"	431480",1918396
2015-01-22,0,0,0,0,"	452099",2062697
2015-01-23,0,0,0,0,"	472418",2152990
2015-01-24,1,0.72,3.1,3.6,"	460498",2099797
2015-01-25,1,0,2,0,"	407570",2102680
2015-01-26,0,0.48,2,5.5,"	230253",1001606
2015-01-27,0,0.36,7.9,4.3,"	135499",517359
2015-01-28,0,0,7.9,0,"	380189",1730397
2015-01-29,0,0.02,5.9,0,"	431981",1973046
2015-01-30,0,0.06,7.1,1,"	483375",2158268
2015-01-31,1,0,7.1,0,"	520060",2330539
2015-02-01,1,0.03,5.9,0.3,"	423102",2145630
2015-02-02,0,1.02,7.1,5,"	336841",1544158
2015-02-03,0,0,7.9,0,"	421125",1976322
2015-02-04,0,0,7.9,0,"	415620",1886778
2015-02-05,0,0,7.9,0,"	459711",0
2015-02-06,0,0,7.9,0,"	476980",2162208
2015-02-07,1,0.02,7.9,0,"	485501",0
2015-02-08,1,0,7.9,0,"	410473",2129817
2015-02-09,0,0.09,7.9,0,"	381107",1701613
2015-02-10,0,0.01,7.9,0.1,"	424555",1914831
2015-02-11,0,0,7.9,0,"	447252",2025418
2015-02-12,0,0,7.9,0,"	463671",2185740
2015-02-13,0,0,7.9,0,"	486225",2365720
2015-02-14,1,0.02,7.9,0.9,"	501387",2395678
2015-02-15,1,0,9.1,0,"	459085",2247574
2015-02-16,0,0,9.1,0,"	412829",2117479
2015-02-17,0,0.14,11.8,3.3,"	394356",1937121
2015-02-18,0,0,9.1,0,"	436604",2044881
2015-02-19,0,0,9.1,0,"	477672",2180005
2015-02-20,0,0,9.1,0,"	498947",2281899
2015-02-21,1,0.61,9.1,3,"	455296",2122874
2015-02-22,1,0.1,13,1,"	399053",2176572
2015-02-23,0,0,11.8,0,"	431829",2086883
2015-02-24,0,0,11.8,0,"	448507",2003710
2015-02-25,0,0,11.8,0,"	444228",2066502
2015-02-26,0,0,11,0,"	471726",2208176
2015-02-27,0,0,11,0,"	487013",2296536
2015-02-28,1,0,11,0,"	499635",2362822
2015-03-01,1,0.52,9.8,4.8,"	385261",2041226
2015-03-02,0,0,15,0,"	388538",2001335
2015-03-03,0,0.67,14.2,1.8,"	397682",1803944
2015-03-04,0,0.25,13,0,"	435747",2012609
2015-03-05,0,0.76,13,7.5,"	366429",1615122
2015-03-06,0,0,18.9,0,"	446831",2268388
2015-03-07,1,0,18.1,0,"	504237",2454421
2015-03-08,1,0,16.1,0,"	411911",2261217
2015-03-09,0,0.01,13,0,"	392004",1944282
2015-03-10,0,0.46,11,0,"	413941",1942673
2015-03-11,0,0.01,5.9,0,"	428359",2035922
2015-03-12,0,0,3.9,0,"	461715",2229713
2015-03-13,0,0,2,0,"	476930",2318246
2015-03-14,1,0.81,1.2,0,"	496521",2381018
2015-03-15,1,0,0,0,"	418771",2234688
2015-03-16,0,0,0,0,"	374815",1948308
2015-03-17,0,0.02,0,0,"	413369",1951679
2015-03-18,0,0,0,0,"	452977",2140260
2015-03-19,0,0,0,0,"	451899",2191953
2015-03-20,0,0.4,0,4.5,"	458219",2152050
2015-03-21,1,0,5.1,0,"	468098",2336883
2015-03-22,1,0,0,0,"	429004",2365026
2015-03-23,0,0,0,0,"	390350",0
2015-03-24,0,0,0,0,"	412150",1958929
2015-03-25,0,0.05,0,0,"	427020",2026905
2015-03-26,0,0.32,0,0,"	427626",2072402
2015-03-27,0,0.27,0,0,"	465478",2300414
2015-03-28,1,0,0,0,"	510344",2466751
2015-03-29,1,0,0,0,"	424258",2326138
2015-03-30,0,0,0,0,"	390997",1965639
2015-03-31,0,0.17,0,0,"	429903",2008735
2015-04-01,0,0,0,0,"	440237",2098681
2015-04-02,0,0,0,0,"	444295",2203649
2015-04-03,0,0.04,0,0,"	444061",2231695
2015-04-04,1,0.01,0,0,"	440166",2153333
2015-04-05,1,0,0,0,"	377454",2158087
2015-04-06,0,0,0,0,"	375752",1986705
2015-04-07,0,0.15,0,0,"	425904",1999502
2015-04-08,0,0,0,0,"	443482",2100096
2015-04-09,0,0,0,0,"	460470",2215872
2015-04-10,0,0.17,0,0,"	468072",2286349
2015-04-11,1,0,0,0,"	473725",2381767
2015-04-12,1,0,0,0,"	407335",2320155
2015-04-13,0,0,0,0,"	377155",1958831
2015-04-14,0,0.01,0,0,"	411890",1980975
2015-04-15,0,0,0,0,"	427084",2098816
2015-04-16,0,0,0,0,"	452145",2229980
2015-04-17,0,0.08,0,0,"	469274",0
2015-04-18,1,0,0,0,"	500917",2536381
2015-04-19,1,0,0,0,"	445779",2508825
2015-04-20,0,1.37,0,0,"	397247",1907124
2015-04-21,0,0.2,0,0,"	426124",2103033
2015-04-22,0,0.05,0,0,"	432474",2073184
2015-04-23,0,0,0,0,"	463473",2265174
2015-04-24,0,0,0,0,"	474053",2160471
2015-04-25,1,0,0,0,"	489469",2439203
2015-04-26,1,0,0,0,"	424601",2420207
2015-04-27,0,0,0,0,"	393513",2003734
2015-04-28,0,0,0,0,"	411765",1974127
2015-04-29,0,0,0,0,"	427498",2084785
2015-04-30,0,0,0,0,"	446119",2243344
2015-05-01,0,0,0,0,"	461543",2325795
2015-05-02,1,0,0,0,"	507613",2526099
2015-05-03,1,0,0,0,"	434775",2531199
2015-05-04,0,0,0,0,"	390259",2049832
2015-05-05,0,0,0,0,"	432447",2099611
2015-05-06,0,0,0,0,"	444941",2177060
2015-05-07,0,0,0,0,"	442215",2244891
2015-05-08,0,0,0,0,"	449002",2270029
2015-05-09,1,0,0,0,"	469012",2372241
2015-05-10,1,0,0,0,"	405419",2322689
2015-05-11,0,0,0,0,"	395273",2068137
2015-05-12,0,0,0,0,"	424505",2105669
2015-05-13,0,0,0,0,"	439367",2222766
2015-05-14,0,0,0,0,"	439927",2314929
2015-05-15,0,0,0,0,"	457534",2420395
2015-05-16,1,0.3,0,0,"	479570",2534991
2015-05-17,1,0.02,0,0,"	423190",2498308
2015-05-18,0,0,0,0,"	403635",2121487
2015-05-19,0,0,0,0,"	432929",2222422
2015-05-20,0,0,0,0,"	441224",2263573
2015-05-21,0,0,0,0,"	446811",2286698
2015-05-22,0,0,0,0,"	419621",2206797
2015-05-23,1,0,0,0,"	383354",2079964
2015-05-24,1,0,0,0,"	336643",1917764
2015-05-25,0,0,0,0,"	301702",1904772
2015-05-26,0,0,0,0,"	387133",2010277
2015-05-27,0,0.08,0,0,"	415912",2007152
2015-05-28,0,0,0,0,"	432107",2151816
2015-05-29,0,0,0,0,"	441298",2228714
2015-05-30,1,0,0,0,"	451069",2340682
2015-05-31,1,1.46,0,0,"	368007",2132536
2015-06-01,0,0.72,0,0,"	400827",2077260
2015-06-02,0,0.37,0,0,"	419985",2038503
2015-06-03,0,0,0,0,"	425772",2082289
2015-06-04,0,0,0,0,"	444535",2239081
2015-06-05,0,0.13,0,0,"	451176",2280362
2015-06-06,1,0.19,0,0,"	449796",2319152
2015-06-07,1,0,0,0,"	402181",2358056
2015-06-08,0,0.06,0,0,"	391080",2054070
2015-06-09,0,0.01,0,0,"	409180",1997425
2015-06-10,0,0,0,0,"	424345",2103065
2015-06-11,0,0,0,0,"	439857",2183382
2015-06-12,0,0,0,0,"	443017",2227218
2015-06-13,1,0,0,0,"	427997",2215277
2015-06-14,1,0.36,0,0,"	382028",2218902
2015-06-15,0,0.57,0,0,"	374853",1973778
2015-06-16,0,0.27,0,0,"	400517",1989319
2015-06-17,0,0,0,0,"	425741",2121152
2015-06-18,0,0,0,0,"	429381",2163308
2015-06-19,0,0,0,0,"	436297",2237543
2015-06-20,1,0,0,0,"	413864",2142092
2015-06-21,1,0.64,0,0,"	366155",2139340
2015-06-22,0,0,0,0,"	374841",1995257
2015-06-23,0,0.02,0,0,"	406134",1927883
2015-06-24,0,0,0,0,"	411367",2068529
2015-06-25,0,0,0,0,"	419734",2127182
2015-06-26,0,0,0,0,"	425772",2185523
2015-06-27,1,1.12,0,0,"	445854",2273259
2015-06-28,1,0.29,0,0,"	348428",2035558
2015-06-29,0,0,0,0,"	359800",1885371
2015-06-30,0,0.04,0,0,"	374240",1826600
2015-07-01,0,0.39,0,0,"	390082",1934105
2015-07-02,0,0,0,0,"	365948",1855093
2015-07-03,0,0,0,0,"	304170",1639890
2015-07-04,1,0,0,0,"	254352",1441083
2015-07-05,1,0,0,0,"	275550",1749376
2015-07-06,0,0,0,0,"	315522",1747980
2015-07-07,0,0.12,0,0,"	367576",1812807
2015-07-08,0,0,0,0,"	393180",1900820
2015-07-09,0,0.3,0,0,"	405647",1977341
2015-07-10,0,0,0,0,"	401010",2043268
2015-07-11,1,0,0,0,"	407196",2118311
2015-07-12,1,0,0,0,"	364206",2135848
2015-07-13,0,0,0,0,"	350151",1847173
2015-07-14,0,0.42,0,0,"	385560",1884081
2015-07-15,0,0.12,0,0,"	404755",2005675
2015-07-16,0,0,0,0,"	400133",2066003
2015-07-17,0,0,0,0,"	365029",1940433
2015-07-18,1,0.32,0,0,"	403812",2113298
2015-07-19,1,0,0,0,"	395462",2252639
2015-07-20,0,0,0,0,"	374206",1979095
2015-07-21,0,0,0,0,"	375032",1854834
2015-07-22,0,0,0,0,"	392075",1988848
2015-07-23,0,0,0,0,"	404092",2065993
2015-07-24,0,0,0,0,"	403873",2094247
2015-07-25,1,0,0,0,"	387022",2079763
2015-07-26,1,0,0,0,"	349530",2055831
2015-07-27,0,0.36,0,0,"	348620",1852939
2015-07-28,0,0,0,0,"	384230",1894146
2015-07-29,0,0,0,0,"	405921",1981709
2015-07-30,0,1.95,0,0,"	390836",1956813
2015-07-31,0,0,0,0,"	397805",2107832
2015-08-01,1,0,0,0,"	389723",2115869
2015-08-02,1,0,0,0,"	348529",2074450
2015-08-03,0,0,0,0,"	348814",1857740
2015-08-04,0,0.43,0,0,"	376461",1880283
2015-08-05,0,0,0,0,"	391633",1974604
2015-08-06,0,0,0,0,"	390997",2011618
2015-08-07,0,0,0,0,"	386918",2030993
2015-08-08,1,0,0,0,"	363540",1969873
2015-08-09,1,0,0,0,"	317609",1945011
2015-08-10,0,0,0,0,"	321000",1757085
2015-08-11,0,1.17,0,0,"	357205",1768746
2015-08-12,0,0,0,0,"	370316",1896134
2015-08-13,0,0,0,0,"	380981",1954397
2015-08-14,0,0,0,0,"	377918",1976453
2015-08-15,1,0,0,0,"	370373",2006276
2015-08-16,1,0,0,0,"	335292",1997427
2015-08-17,0,0,0,0,"	338244",1798880
2015-08-18,0,0.29,0,0,"	370674",1858996
2015-08-19,0,0,0,0,"	380357",1918272
2015-08-20,0,0.01,0,0,"	388312",1966529
2015-08-21,0,0.32,0,0,"	381042",2052743
2015-08-22,1,0,0,0,"	357427",1946198
2015-08-23,1,0,0,0,"	316234",1943357
2015-08-24,0,0,0,0,"	317580",1730324
2015-08-25,0,0,0,0,"	346935",1755786
2015-08-26,0,0,0,0,"	356494",1809427
2015-08-27,0,0,0,0,"	368363",1907723
2015-08-28,0,0,0,0,"	367121",1944463
2015-08-29,1,0,0,0,"	359026",1934612
2015-08-30,1,0.13,0,0,"	332552",1955591
2015-08-31,0,0,0,0,"	322436",1716662
2015-09-01,0,0,0,0,"	352781",1773299
2015-09-02,0,0,0,0,"	368353",1835064
2015-09-03,0,0,0,0,"	378282",1941138
2015-09-04,0,0,0,0,"	362208",1962423
2015-09-05,1,0,0,0,"	331637",1845203
2015-09-06,1,0,0,0,"	300960",1747726
2015-09-07,0,0,0,0,"	284315",1842311
2015-09-08,0,0,0,0,"	374890",1944308
2015-09-09,0,0,0,0,"	396656",1954413
2015-09-10,0,1.58,0,0,"	401264",1986939
2015-09-11,0,0,0,0,"	411764",2119750
2015-09-12,1,0.29,0,0,"	433859",2195129
2015-09-13,1,0.04,0,0,"	382992",2162353
2015-09-14,0,0,0,0,"	345870",1837182
2015-09-15,0,0,0,0,"	377644",1898959
2015-09-16,0,0,0,0,"	400422",2000094
2015-09-17,0,0,0,0,"	410906",2109179
2015-09-18,0,0,0,0,"	428136",2209519
2015-09-19,1,0,0,0,"	442537",2270455
2015-09-20,1,0,0,0,"	393043",2248348
2015-09-21,0,0,0,0,"	359062",1885911
2015-09-22,0,0,0,0,"	367799",1757546
2015-09-23,0,0,0,0,"	358587",1781960
2015-09-24,0,0,0,0,"	324744",1720754
2015-09-25,0,0,0,0,"	365185",1905630
2015-09-26,1,0,0,0,"	427326",2199243
2015-09-27,1,0,0,0,"	378589",2218529
2015-09-28,0,0,0,0,"	323269",1798472
2015-09-29,0,0.11,0,0,"	360468",1794142
2015-09-30,0,1.26,0,0,"	381347",1914623
2015-10-01,0,0.09,0,0,"	394036",2005183
2015-10-02,0,1.08,0,0,"	414284",2015806
2015-10-03,1,0.35,0,0,"	412684",2001749
2015-10-04,1,0,0,0,"	365200",2062574
2015-10-05,0,0,0,0,"	344805",1790445
2015-10-06,0,0,0,0,"	374274",1847657
2015-10-07,0,0,0,0,"	390955",1959863
2015-10-08,0,0,0,0,"	407576",2091355
2015-10-09,0,0.89,0,0,"	402643",2091146
2015-10-10,1,0,0,0,"	432663",2266724
2015-10-11,1,0,0,0,"	378259",2208401
2015-10-12,0,0,0,0,"	328402",1887621
2015-10-13,0,0.01,0,0,"	379466",1920538
2015-10-14,0,0,0,0,"	392798",1958468
2015-10-15,0,0,0,0,"	407491",2072039
2015-10-16,0,0,0,0,"	430410",2190546
2015-10-17,1,0,0,0,"	459232",2281931
2015-10-18,1,0,0,0,"	400210",2256559
2015-10-19,0,0,0,0,"	366857",1917236
2015-10-20,0,0,0,0,"	377802",1861394
2015-10-21,0,0,0,0,"	389753",1940172
2015-10-22,0,0,0,0,"	410687",2084584
2015-10-23,0,0,0,0,"	428672",2179845
2015-10-24,1,0,0,0,"	436240",2209030
2015-10-25,1,0.05,0,0,"	390328",2217553
2015-10-26,0,0,0,0,"	356910",1873756
2015-10-27,0,0,0,0,"	381749",1835820
2015-10-28,0,1.4,0,0,"	386933",1818690
2015-10-29,0,0.04,0,0,"	403664",2056930
2015-10-30,0,0,0,0,"	428780",2167814
2015-10-31,1,0,0,0,"	441575",2156531
2015-11-01,1,0,0,0,"	390098",2328174
2015-11-02,0,0,0,0,"	348554",1848932
2015-11-03,0,0,0,0,"	364995",1790689
2015-11-04,0,0,0,0,"	384086",1870793
2015-11-05,0,0.01,0,0,"	402173",2006837
2015-11-06,0,0,0,0,"	419282",2113342
2015-11-07,1,0,0,0,"	443925",2169520
2015-11-08,1,0,0,0,"	392404",2222831
2015-11-09,0,0,0,0,"	352712",1838221
2015-11-10,0,0.26,0,0,"	378046",1767186
2015-11-11,0,0.43,0,0,"	371996",1850880
2015-11-12,0,0.01,0,0,"	406645",1998430
2015-11-13,0,0,0,0,"	427712",2109396
2015-11-14,1,0,0,0,"	446983",2163269
2015-11-15,1,0,0,0,"	381205",2170276
2015-11-16,0,0,0,0,"	347607",1824914
2015-11-17,0,0,0,0,"	384479",1828015
2015-11-18,0,0,0,0,"	391316",1879737
2015-11-19,0,1.25,0,0,"	394589",1912746
2015-11-20,0,0,0,0,"	422414",2168972
2015-11-21,1,0,0,0,"	439301",2156415
2015-11-22,1,0.03,0,0,"	376582",2015542
2015-11-23,0,0,0,0,"	366010",1699504
2015-11-24,0,0,0,0,"	377939",1775568
2015-11-25,0,0,0,0,"	358712",1766388
2015-11-26,0,0,0,0,"	242386",1376794
2015-11-27,0,0,0,0,"	275074",1359611
2015-11-28,1,0.02,0,0,"	344519",1838773
2015-11-29,1,0,0,0,"	333738",1967803
2015-11-30,0,0,0,0,"	346993",1851920
2015-12-01,0,0.33,0,0,"	374383",1802456
2015-12-02,0,0.14,0,0,"	379753",1848970
2015-12-03,0,0,0,0,"	413996",2073638
2015-12-04,0,0,0,0,"	430999",2156438
2015-12-05,1,0,0,0,"	451086",2184385
2015-12-06,1,0,0,0,"	398870",2203245
2015-12-07,0,0,0,0,"	371711",1898423
2015-12-08,0,0,0,0,"	382219",1850034
2015-12-09,0,0,0,0,"	391436",1923523
2015-12-10,0,0,0,0,"	406171",2055795
2015-12-11,0,0,0,0,"	427820",2164379
2015-12-12,1,0,0,0,"	439259",2140689
2015-12-13,1,0,0,0,"	377069",2110687
2015-12-14,0,0.33,0,0,"	370293",1808644
2015-12-15,0,0.09,0,0,"	396946",1918062
2015-12-16,0,0.04,0,0,"	417639",2005975
2015-12-17,0,1.21,0,0,"	418502",2063788
2015-12-18,0,0,0,0,"	458693",2277058
2015-12-19,1,0,0,0,"	460979",2272703
2015-12-20,1,0,0,0,"	385151",2030452
2015-12-21,0,0,0,0,"	347274",1682777
2015-12-22,0,0.19,0,0,"	355196",1708900
2015-12-23,0,1.55,0,0,"	339350",1685923
2015-12-24,0,0.01,0,0,"	297159",1503629
2015-12-25,0,0.01,0,0,"	188249",1146303
2015-12-26,1,0,0,0,"	238644",1348027
2015-12-27,1,0.12,0,0,"	268834",1653559
2015-12-28,0,0.03,0,0,"	301393",1637986
2015-12-29,0,0.45,0,0,"	311720",1634488
2015-12-30,0,0.19,0,0,"	319645",1726810
2015-12-31,0,0.03,0,0,"	339935",1747019
2016-01-01,0,0,0,0,"	345036",2061058
2016-01-02,1,0,0,0,"	312829",1734360
2016-01-03,1,0,0,0,"	302875",1816141
2016-01-04,0,0,0,0,"	316166",1603797
2016-01-05,0,0,0,0,"	343246",1614665
2016-01-06,0,0,0,0,"	348511",1631075
2016-01-07,0,0,0,0,"	364892",1698001
2016-01-08,0,0,0,0,"	392067",1810703
2016-01-09,1,0,0,0,"	405823",1897689
2016-01-10,1,1.8,0,0,"	351784",1861156
2016-01-11,0,0,0,0,"	342650",1633483
2016-01-12,0,0,0,0,"	367388",1660769
2016-01-13,0,0,0,0,"	395088",1751451
2016-01-14,0,0,0,0,"	396469",1868548
2016-01-15,0,0,0,0,"	401285",1975815
2016-01-16,1,0.24,0,0,"	411897",2019277
2016-01-17,1,0.05,0,0.4,"	379154",1940974
2016-01-18,0,0,0,0,"	341479",1734259
2016-01-19,0,0,0,0,"	385186",1788263
2016-01-20,0,0,0,0,"	382103",1793848
2016-01-21,0,0,0,0,"	399649",1858718
2016-01-22,0,0.01,0,0.2,"	420162",1916407
2016-01-23,1,2.31,5.9,27.3,"	78132",369481
2016-01-24,1,0,22,0,"	159763",822912
2016-01-25,0,0,18.9,0,"	282086",1550694
2016-01-26,0,0,16.9,0,"	327649",1650945
2016-01-27,0,0,9.1,0,"	359177",1686345
2016-01-28,0,0,5.9,0,"	383322",1831620
2016-01-29,0,0,5.9,0,"	414037",1926206
2016-01-30,1,0,5.9,0,"	435366",2020615
2016-01-31,1,0,3.9,0,"	361502",1935800
2016-02-01,0,0.01,2,0,"	341322",1660654
2016-02-02,0,0,0,0,"	363160",1643665
2016-02-03,0,0.73,0,0,"	372017",1652534
2016-02-04,0,0,0,0,"	394696",1832236
2016-02-05,0,0.53,1.2,2.5,"	409449",1864996
2016-02-06,1,0,0,0,"	428480",1981850
2016-02-07,1,0,0,0,"	373198",1966147
2016-02-08,0,0.05,0,0.1,"	343063",1756610
2016-02-09,0,0,0,0,"	367989",1638533
2016-02-10,0,0.01,0,0,"	393398",1791864
2016-02-11,0,0,0,0,"	431203",1974417
2016-02-12,0,0,0,0,"	434342",2103632
2016-02-13,1,0,0,0,"	448606",2033747
2016-02-14,1,0,0,0,"	402446",1925685
2016-02-15,0,0.44,0,1.4,"	350396",1774075
2016-02-16,0,1.01,0,0,"	363831",1825101
2016-02-17,0,0,0,0,"	386979",1841188
2016-02-18,0,0,0,0,"	410637",1929277
2016-02-19,0,0,0,0,"	420793",2001042
2016-02-20,1,0,0,0,"	424781",2073608
2016-02-21,1,0.03,0,0,"	372125",2041638
2016-02-22,0,0,0,0,"	346751",1719165
2016-02-23,0,0.3,0,0,"	395785",1766553
2016-02-24,0,1.22,0,0,"	400052",1770427
2016-02-25,0,0.02,0,0,"	413638",2025461
2016-02-26,0,0,0,0,"	437796",2028829
2016-02-27,1,0,0,0,"	440935",2074846
2016-02-28,1,0,0,0,"	366249",2033854
2016-02-29,0,0.05,0,0,"	347831",1730919
2016-03-01,0,0,0,0,"	372864",1728474
2016-03-02,0,0.14,0,0,"	407187",1844955
2016-03-03,0,0,0,0,"	428123",1993468
2016-03-04,0,0.11,0,0.4,"	434164",2027426
2016-03-05,1,0,0,0,"	451258",2136689
2016-03-06,1,0,0,0,"	385101",2096076
2016-03-07,0,0,0,0,"	348696",1735484
2016-03-08,0,0,0,0,"	372922",1748628
2016-03-09,0,0,0,0,"	384567",1856895
2016-03-10,0,0,0,0,"	406608",2015868
2016-03-11,0,0.06,0,0,"	425285",2087188
2016-03-12,1,0,0,0,"	442082",2196875
2016-03-13,1,0,0,0,"	366813",2070207
2016-03-14,0,0.29,0,0,"	383940",1827322
2016-03-15,0,0,0,0,"	383314",1833967
2016-03-16,0,0.02,0,0,"	398146",1943480
2016-03-17,0,0,0,0,"	399701",2033679
2016-03-18,0,0,0,0,"	436713",2176779
2016-03-19,1,0,0,0,"	442180",2182019
2016-03-20,1,0.07,0,0,"	389638",2151391
2016-03-21,0,0.06,0,0.5,"	344318",1764590
2016-03-22,0,0,0,0,"	366750",1803186
2016-03-23,0,0,0,0,"	381733",1880309
2016-03-24,0,0,0,0,"	407031",2039426
2016-03-25,0,0.04,0,0,"	399748",2072479
2016-03-26,1,0,0,0,"	403892",2010257
2016-03-27,1,0,0,0,"	345575",1993947
2016-03-28,0,0.38,0,0,"	344633",1781630
2016-03-29,0,0,0,0,"	378353",1848998
2016-03-30,0,0,0,0,"	385466",1870572
2016-03-31,0,0,0,0,"	394052",1963805
2016-04-01,0,0.02,0,0,"	411730",2042849
2016-04-02,1,0.16,0,0,"	444862",2156032
2016-04-03,1,0.09,0,0,"	392294",2104852
2016-04-04,0,0.47,0,0,"	374944",1815440
2016-04-05,0,0,0,0,"	399818",1885488
2016-04-06,0,0,0,0,"	400948",1881120
2016-04-07,0,0.09,0,0,"	409675",1971279
2016-04-08,0,0.01,0,0,"	440400",2122060
2016-04-09,1,0.11,0,0,"	456978",2163581
2016-04-10,1,0,0,0,"	391676",2165233
2016-04-11,0,0.01,0,0,"	355529",1789893
2016-04-12,0,0.2,0,0,"	390276",1798703
2016-04-13,0,0,0,0,"	394748",1873309
2016-04-14,0,0,0,0,"	414167",2048944
2016-04-15,0,0,0,0,"	433302",2124377
2016-04-16,1,0,0,0,"	452924",2249425
2016-04-17,1,0,0,0,"	394753",2247240
2016-04-18,0,0,0,0,"	355559",1858356
2016-04-19,0,0,0,0,"	377800",1805832
2016-04-20,0,0,0,0,"	395607",1900378
2016-04-21,0,0,0,0,"	390407",1940389
2016-04-22,0,0,0,0,"	388315",1967685
2016-04-23,1,0.16,0,0,"	391824",1944132
2016-04-24,1,0,0,0,"	357472",2024834
2016-04-25,0,0,0,0,"	333121",1737219
2016-04-26,0,0.24,0,0,"	371410",1748508
2016-04-27,0,0,0,0,"	374949",1802000
2016-04-28,0,0,0,0,"	401675",1992583
2016-04-29,0,0.05,0,0,"	416557",2049936
2016-04-30,1,0,0,0,"	420533",2132487
2016-05-01,1,0.16,0,0,"	382099",2123268
2016-05-02,0,0.04,0,0,"	357573",1857497
2016-05-03,0,0.61,0,0,"	400482",1896408
2016-05-04,0,0.01,0,0,"	407302",1940666
2016-05-05,0,0,0,0,"	424364",2104258
2016-05-06,0,0.54,0,0,"	437043",2149022
2016-05-07,1,0,0,0,"	433298",2118057
2016-05-08,1,0.16,0,0,"	373216",2100446
2016-05-09,0,0,0,0,"	349283",1837399
2016-05-10,0,0,0,0,"	376310",1800922
2016-05-11,0,0,0,0,"	383498",1865486
2016-05-12,0,0,0,0,"	400082",2033025
2016-05-13,0,0.25,0,0,"	397060",2016878
2016-05-14,1,0,0,0,"	435306",2238206
2016-05-15,1,0,0,0,"	408278",2316417
2016-05-16,0,0,0,0,"	378826",1982871
2016-05-17,0,0,0,0,"	397624",2054760
2016-05-18,0,0,0,0,"	381381",1963035
2016-05-19,0,0,0,0,"	406030",2106558
2016-05-20,0,0,0,0,"	414707",2137410
2016-05-21,1,0.04,0,0,"	435893",2240502
2016-05-22,1,0.09,0,0,"	369326",2138481
2016-05-23,0,0.02,0,0,"	346988",1801287
2016-05-24,0,0.18,0,0,"	371413",1771609
2016-05-25,0,0,0,0,"	385836",1886918
2016-05-26,0,0,0,0,"	388603",1963313
2016-05-27,0,0,0,0,"	364948",1861506
2016-05-28,1,0,0,0,"	329784",1736772
2016-05-29,1,0,0,0,"	298190",1688363
2016-05-30,0,1.65,0,0,"	261187",1646107
2016-05-31,0,0,0,0,"	340821",1759709
2016-06-01,0,0,0,0,"	368771",1807540
2016-06-02,0,0,0,0,"	392919",1930378
2016-06-03,0,0.04,0,0,"	401806",1976378
2016-06-04,1,0.4,0,0,"	420582",2120056
2016-06-05,1,0.91,0,0,"	353144",1978644
2016-06-06,0,0,0,0,"	356541",1923039
2016-06-07,0,0,0,0,"	376427",1823051
2016-06-08,0,0.45,0,0,"	381577",1847573
2016-06-09,0,0,0,0,"	393680",1997767
2016-06-10,0,0,0,0,"	401454",2031533
2016-06-11,1,0,0,0,"	388005",1953789
2016-06-12,1,0,0,0,"	329141",1932953
2016-06-13,0,0,0,0,"	341086",1793897
2016-06-14,0,0,0,0,"	363430",1790799
2016-06-15,0,0,0,0,"	383076",1873677
2016-06-16,0,0.22,0,0,"	398724",1950404
2016-06-17,0,0,0,0,"	388356",1974228
2016-06-18,1,0,0,0,"	370618",1907004
2016-06-19,1,0,0,0,"	330195",1923183
2016-06-20,0,0,0,0,"	335987",1750680
2016-06-21,0,0,0,0,"	364462",1750559
2016-06-22,0,0,0,0,"	373445",1830395
2016-06-23,0,0,0,0,"	390057",1919482
2016-06-24,0,0,0,0,"	388393",1998057
2016-06-25,1,0,0,0,"	388862",2035809
2016-06-26,1,0,0,0,"	331799",1997932
2016-06-27,0,0.45,0,0,"	358756",1875052
2016-06-28,0,0.12,0,0,"	348738",1675608
2016-06-29,0,0.01,0,0,"	357125",1773310
2016-06-30,0,0,0,0,"	358249",1811120
,,,,,,
,,,,,,
,,,,,,
,,,,,,
,,,,,,
,,,,,,
,,,,,,
,,,,,,
,,,,,,
,,,,,,
,,,,,,
,,,,,,
,,,,,,
,,,,,,
,,,,,,
,,,,,,
,,,,,,
,,,,,,
,,,,,,
,,,,,,
,,,,,,
,,,,,,
,,,,,,
,,,,,,
,,,,,,
,,,,,,
,,,,,,
,,,,,,
,,,,,,
,,,,,,
,,,,,,
,,,,,,
,,,,,,
,,,,,,
,,,,,,
,,,,,,
,,,,,,
,,,,,,
,,,,,,
,,,,,,
,,,,,,
,,,,,,
,,,,,,
,,,,,,
,,,,,,
,,,,,,
,,,,,,
,,,,,,
,,,,,,
,,,,,,
,,,,,,
,,,,,,
,,,,,,
,,,,,,
,,,,,,
,,,,,,
,,,,,,
,,,,,,
,,,,,,
,,,,,,
,,,,,,
,,,,,,
,,,,,,
,,,,,,
,,,,,,
,,,,,,
,,,,,,
,,,,,,
,,,,,,
,,,,,,
,,,,,,
,,,,,,
,,,,,,
,,,,,,
,,,,,,
,,,,,,
,,,,,,
,,,,,,
,,,,,,
,,,,,,
,,,,,,
,,,,,,
,,,,,,
,,,,,,
,,,,,,
,,,,,,
,,,,,,
,,,,,,
,,,,,,
,,,,,,
,,,,,,
,,,,,,
,,,,,,
,,,,,,
,,,,,,
,,,,,,
,,,,,,
,,,,,,
,,,,,,
,,,,,,
,,,,,,
,,,,,,
,,,,,,
,,,,,,
,,,,,,
,,,,,,
,,,,,,
,,,,,,
,,,,,,
,,,,,,
,,,,,,
,,,,,,
,,,,,,
,,,,,,
,,,,,,
,,,,,,
,,,,,,
,,,,,,
,,,,,,
,,,,,,
,,,,,,
,,,,,,
,,,,,,
,,,,,,
,,,,,,
,,,,,,
,,,,,,
,,,,,,
,,,,,,
,,,,,,
,,,,,,
,,,,,,
,,,,,,
,,,,,,
,,,,,,
,,,,,,
,,,,,,
,,,,,,
,,,,,,
,,,,,,
,,,,,,
,,,,,,
,,,,,,
,,,,,,
,,,,,,
,,,,,,
,,,,,,
,,,,,,
,,,,,,
,,,,,,
,,,,,,
,,,,,,
,,,,,,
,,,,,,
,,,,,,
,,,,,,
,,,,,,
,,,,,,
,,,,,,
,,,,,,
,,,,,,
,,,,,,
,,,,,,
,,,,,,
,,,,,,
,,,,,,
,,,,,,
,,,,,,
,,,,,,
,,,,,,
,,,,,,
,,,,,,
,,,,,,
,,,,,,
,,,,,,
,,,,,,
,,,,,,
,,,,,,
,,,,,,
,,,,,,
,,,,,,
,,,,,,
,,,,,,
,,,,,,
,,,,,,
,,,,,,
,,,,,,
,,,,,,
,,,,,,
,,,,,,
,,,,,,
,,,,,,
,,,,,,
,,,,,,
,,,,,,
,,,,,,
,,,,,,
,,,,,,
,,,,,,
,,,,,,
,,,,,,
,,,,,,
,,,,,,
,,,,,,
,,,,,,
,,,,,,
,,,,,,
,,,,,,
,,,,,,
,,,,,,
,,,,,,
,,,,,,
,,,,,,
,,,,,,
,,,,,,
,,,,,,
,,,,,,
,,,,,,
,,,,,,
,,,,,,
,,,,,,
,,,,,,
,,,,,,
,,,,,,
,,,,,,
,,,,,,
,,,,,,
,,,,,,
,,,,,,
,,,,,,
,,,,,,
,,,,,,
,,,,,,
,,,,,,
,,,,,,
,,,,,,
,,,,,,
,,,,,,
,,,,,,
,,,,,,
,,,,,,
,,,,,,
,,,,,,
,,,,,,
,,,,,,
,,,,,,
,,,,,,
,,,,,,
,,,,,,
,,,,,,
,,,,,,
,,,,,,
,,,,,,
,,,,,,
,,,,,,
,,,,,,
,,,,,,
,,,,,,
,,,,,,
,,,,,,
,,,,,,
,,,,,,
,,,,,,
,,,,,,
,,,,,,
,,,,,,
,,,,,,
,,,,,,
,,,,,,
,,,,,,
,,,,,,
,,,,,,
,,,,,,
,,,,,,
,,,,,,
,,,,,,
,,,,,,
,,,,,,
,,,,,,
,,,,,,
,,,,,,
,,,,,,
,,,,,,
,,,,,,
,,,,,,
,,,,,,
,,,,,,
,,,,,,
,,,,,,
,,,,,,
,,,,,,
,,,,,,
,,,,,,
,,,,,,
,,,,,,
,,,,,,
,,,,,,
,,,,,,
,,,,,,
,,,,,,
,,,,,,
,,,,,,
,,,,,,
,,,,,,
,,,,,,
,,,,,,
,,,,,,
,,,,,,
,,,,,,
,,,,,,
,,,,,,
,,,,,,
,,,,,,
,,,,,,
,,,,,,
,,,,,,
,,,,,,
,,,,,,
,,,,,,
,,,,,,
,,,,,,
,,,,,,
,,,,,,
,,,,,,
,,,,,,
,,,,,,
,,,,,,
,,,,,,
,,,,,,
,,,,,,
,,,,,,
,,,,,,
,,,,,,
,,,,,,
,,,,,,
,,,,,,
,,,,,,
,,,,,,
,,,,,,
,,,,,,
,,,,,,
,,,,,,
,,,,,,
,,,,,,
,,,,,,
,,,,,,
,,,,,,
,,,,,,
,,,,,,
,,,,,,
,,,,,,
,,,,,,
,,,,,,
,,,,,,
,,,,,,
,,,,,,
,,,,,,
,,,,,,
,,,,,,
,,,,,,
,,,,,,
,,,,,,
,,,,,,
,,,,,,
,,,,,,
,,,,,,
,,,,,,
,,,,,,
,,,,,,
,,,,,,
,,,,,,
,,,,,,
,,,,,,
,,,,,,
